ligand,receptor,pathway,function,mean_score,max_score,total_score,n_interactions,pct_edges,causal_score,inverse_importance
PLA2G6,PTGS1,ecm,functional,0.04006667206022526,95.95922289149237,3076.920080864999,76795,95.70185932904641,0.06935719517636788,0.5180740356445312
JAK2,LEPR,cell_adhesion,functional,0.05017090629447743,81.14936065478422,3795.5294029898064,75652,94.27745376601366,0.08684807499886406,0.5180740356445312
LEPR,JAK2,ligand,functional,0.05017090629447742,81.14936065478422,3795.529402989806,75652,94.27745376601366,0.08684807499886406,0.5180740356445312
SFRP1,FZD6,ecm,functional,0.05747273906980416,86.7250883512426,4314.1336855357795,75064,93.54468869946663,0.09948787298813307,0.5180740356445312
LFNG,NOTCH2,ligand,functional,0.08863658953438912,68.39636300750894,6337.870698066959,71504,89.10821992921589,0.15343388716845852,0.5180740356445312
BTK,PLCG1,cell_adhesion,functional,0.0295829236725474,53.4211798479847,2158.458859920076,72963,90.92642440556304,0.05120935943869674,0.5180740356445312
CDKN2A,CDK6,adhesion,functional,0.026028469371519862,65.04355171422326,1969.2619357104497,75658,94.28493096057025,0.04505644061550908,0.5180740356445312
GNAI1,MMP2,cell_adhesion,functional,0.3018362260863664,27.995420910976524,13099.692212148302,43400,54.08504062609042,0.5224919607124645,0.5180740356445312
ESR1,CXCL12,cell_adhesion,functional,0.06694967805841606,46.42332431424094,3400.44109826501,50791,63.29569812073177,0.1158928767808037,0.5180740356445312
MMP2,EGFR,ecm,functional,0.33283230508262296,37.35433451356172,14451.911518992572,43421,54.11121080703853,0.5761475550032521,0.5180740356445312
ESR1,SLC2A1,cell_adhesion,functional,0.028426267295972193,44.56191554859935,2066.2485172096267,72688,90.58371965505209,0.0492071356966916,0.5180740356445312
IGFBP4,ESR1,ecm,functional,0.08218305933988493,32.4237117226606,2992.0386413871906,36407,45.370370370370374,0.1422625387568906,0.5180740356445312
JAG1,NOTCH2,ligand,functional,0.22299694987670024,37.34947861428513,14350.076721515537,64351,80.19415781865311,0.3860176595921171,0.5180740356445312
NOTCH2,JAG1,cell_surface_ligand,functional,0.22299694987670027,37.34947861428513,14350.07672151554,64351,80.19415781865311,0.3860176595921171,0.5180740356445312
JAG1,NOTCH3,ligand,functional,0.527321352078481,18.861637904710573,24181.902563614978,45858,57.14819799611186,0.9128167640626299,0.5180740356445312
NOTCH3,JAG1,cell_surface_ligand,functional,0.527321352078481,18.861637904710573,24181.90256361498,45858,57.14819799611186,0.9128167640626299,0.5180740356445312
BTK,KIT,cell_adhesion,functional,0.010912957260369676,68.03400561035316,860.7376779971374,78873,98.29146104381637,0.018890815426874392,0.5180740356445312
ROR2,FLNA,activating_cofactor,functional,0.08535418352145076,37.16457273292236,3571.389746904543,41842,52.14346243955934,0.14775189605761083,0.5180740356445312
KIT,INPP5D,ligand,functional,0.036210089532600666,95.10323437713977,2759.3898728318336,76205,94.96660186431384,0.06268127892656879,0.5180740356445312
EGFR,PIK3C2B,ligand_regulator,functional,0.09500866948619693,84.87794876227343,6856.490650810374,72167,89.93444992772045,0.16446424157954237,0.5180740356445312
EGFR,PLCG1,ligand_regulator,functional,0.11546600431953963,75.03175980272468,8117.144637659317,70299,87.60655002243158,0.19987679999446956,0.5180740356445312
EGFR,PLD2,ligand_regulator,functional,0.05269798336128501,51.35010133038998,3936.802847004797,74705,93.09730322516326,0.09122255803765607,0.5180740356445312
KIT,CSF2RB,ligand,functional,0.028856143738938106,100.0,2231.9650059193846,77348,96.3910074273466,0.04995127097979408,0.5180740356445312
JAK2,CSF2RB,cell_adhesion,functional,0.053551427477988044,78.075781396226,4044.096700282701,75518,94.11046308758287,0.09269990784313333,0.5180740356445312
MET,ITGB4,cell_adhesion,functional,0.08885545889044824,67.44222197778137,6522.434959853354,73405,91.47724440456606,0.1538127597791785,0.5180740356445312
NGF,NGFR,ligand,functional,0.12821325586620028,59.482847244361125,8576.312898146003,66891,83.35950351428144,0.22194286058854798,0.5180740356445312
KIT,PLCG1,ligand,functional,0.054024039065949256,50.68778979985977,3921.929140031652,72596,90.46906933851753,0.09351801956700116,0.5180740356445312
DLL1,NOTCH2,ligand,functional,0.09895586568721358,56.166118297272874,7022.304052627424,70964,88.43527241912167,0.17129701413678955,0.5180740356445312
NOTCH2,DLL1,cell_surface_ligand,functional,0.09895586568721357,56.166118297272874,7022.3040526274235,70964,88.43527241912167,0.17129701413678952,0.5180740356445312
DLL1,NOTCH3,ligand,functional,0.2537017395522133,22.80532183482254,11897.850479780149,46897,58.44299885349683,0.4391690190854344,0.5180740356445312
NOTCH3,DLL1,cell_surface_ligand,functional,0.2537017395522133,22.80532183482254,11897.850479780147,46897,58.44299885349683,0.4391690190854344,0.5180740356445312
JAK2,KIT,cell_adhesion,functional,0.034021640504652714,94.71931182537469,2602.8596284489604,76506,95.34170779123673,0.0588929761162738,0.5180740356445312
KIT,JAK2,ligand,functional,0.03402164050465272,94.71931182537469,2602.859628448961,76506,95.34170779123673,0.05889297611627381,0.5180740356445312
AREG,EGFR,ligand,functional,0.054342304715769174,61.30644878139448,4065.999923443281,74822,93.243108519017,0.09406895159248395,0.5180740356445312
IGF1,ESR1,ligand,functional,0.02668970397473451,59.153996860175404,1948.6419768993414,73011,90.98624196201585,0.04620106718603111,0.5180740356445312
EGFR,ESR1,ligand_regulator,functional,0.01919960908318907,100.0,1462.9334137026744,76196,94.95538607247894,0.03323537908242293,0.5180740356445312
JAK2,CSF2RA,cell_adhesion,functional,0.022719455236490445,62.10614381124499,1747.1033882308786,76899,95.83146403469418,0.03932838965935225,0.5180740356445312
CSF2RA,JAK2,ligand,functional,0.022719455236490448,62.10614381124499,1747.1033882308789,76899,95.83146403469418,0.03932838965935226,0.5180740356445312
LEP,LEPR,ligand,functional,0.020798555361234476,89.84350955859924,1621.996138401232,77986,97.18608244853198,0.03600322635749054,0.5180740356445312
CSF3,CSF2RA,ligand,functional,0.012147093352671223,100.0,963.3130912402387,79304,98.82857285279897,0.02102716001020531,0.5180740356445312
MDK,NOTCH2,ligand,functional,0.11851574580684357,64.46491572188567,8364.485791809599,70577,87.95299337022082,0.20515603844118815,0.5180740356445312
NTRK3,PLCG1,cell_surface_ligand,functional,0.05829307325719286,90.85689587087967,4235.866168233919,72665,90.55505707591844,0.10090790803020103,0.5180740356445312
AXL,PIK3CG,cell_adhesion,functional,0.02935356875663842,41.98980039913275,2033.0575256535335,69261,86.31299536413938,0.05081233585651732,0.5180740356445312
EEF1A1,PLCG1,ecm,functional,0.4071744338981647,13.901679717402581,15202.671838455775,37337,46.52933552664374,0.7048370935388172,0.5180740356445312
CXCR4,GNAI1,cell_adhesion,functional,0.05757279597669629,100.0,4328.150083140097,75177,93.6855091969493,0.09966107595367085,0.5180740356445312
GNAI1,CXCR4,cell_adhesion,functional,0.05757279597669629,100.0,4328.150083140097,75177,93.6855091969493,0.09966107595367085,0.5180740356445312
ARRB2,GNAI1,cell_adhesion,functional,0.10735647150151263,84.90566627890246,7636.158461431092,71129,88.64089526942824,0.1858388372307137,0.5180740356445312
RPS19,C5AR1,ecm,functional,0.4160899512306705,16.245350997022552,14992.137032792289,36031,44.901799511489955,0.7202702514212446,0.5180740356445312
CCL14,CCR1,ligand,functional,0.0312511781166399,69.70202107477589,2404.6219001848567,76945,95.88878919296147,0.0540971822383754,0.5180740356445312
CCL5,CCR1,ligand,functional,0.07276184617194184,100.0,5503.997091830369,75644,94.26748417327153,0.12595399884359285,0.5180740356445312
CCL4,CCR1,ligand,functional,0.046862444285800324,91.39946461321068,3584.6020883094384,76492,95.32426100393799,0.0811209797980323,0.5180740356445312
CXCL12,CXCR4,ligand,functional,0.21995414020127432,33.12214609839084,11104.384768061334,50485,62.91436119834505,0.3807504204207221,0.5180740356445312
LBP,CD14,ecm,functional,0.10158969131553598,27.993475097378617,4480.816514854346,44107,54.966103384676735,0.1758562836935297,0.5180740356445312
S100A8,AGER,ligand,functional,0.10080272968336097,40.37657329761573,5928.309335408142,58811,73.2902148447236,0.1744940180320085,0.5180740356445312
CTSG,F2RL1,ligand,functional,0.029646286102006793,77.31817047574509,2288.159653925088,77182,96.18413837794726,0.05131904262826283,0.5180740356445312
PTPRF,EGFR,inhibitory_cofactor,functional,0.060505895221271984,70.27671788618954,4539.6968125568155,75029,93.50107173121978,0.10473840147928253,0.5180740356445312
CTSG,C3,ligand,functional,0.2742696756180712,22.601227035610734,10084.62170280086,36769,45.82149444195205,0.47477303316353153,0.5180740356445312
CFD,CFB,secreted_enzyme,functional,0.38905290609971227,23.63511474539155,14094.997735086476,36229,45.14854693185784,0.6734679212122007,0.5180740356445312
JAK2,MAP3K5,cell_adhesion,functional,0.08942848674630986,54.92622518628581,6441.802185796939,72033,89.76745924928967,0.15480469653850681,0.5180740356445312
EGFR,AXL,ligand_regulator,functional,0.14768973043454917,51.274441582262384,9853.415745401817,66717,83.14266487213997,0.2556575061661509,0.5180740356445312
AXL,EGFR,cell_adhesion,functional,0.14768973043454914,51.274441582262384,9853.415745401815,66717,83.14266487213997,0.2556575061661508,0.5180740356445312
HBB,CD163,ecm,functional,0.2679568591651755,34.67846473181965,15555.967501975096,58054,72.34684213149892,0.46384526651054003,0.5180740356445312
ADORA2B,GNAI1,cell_adhesion,functional,0.01412386318287958,48.27036599852647,1084.2748526864825,76769,95.66945815263446,0.024449036694309072,0.5180740356445312
JAK2,ESR1,cell_adhesion,functional,0.020855483029427056,87.29142782289715,1607.227799662796,77065,96.03833308409352,0.03610177068849546,0.5180740356445312
MIF,CD74,ligand,functional,0.7450903243989827,9.370814370518069,28183.78661071592,37826,47.13872688300683,1.289784561485064,0.5180740356445312
EPHA4,JAK2,cell_surface_ligand,functional,0.05441625867334824,88.2243686190299,4096.510369188329,75281,93.81511390259708,0.09419696918930771,0.5180740356445312
CFI,C3,secreted_enzyme,functional,0.44022837773045537,23.285652667454492,16447.372420387543,37361,46.55924430487015,0.7620549435833361,0.5180740356445312
JAK2,EGFR,cell_adhesion,functional,0.07632556777937376,68.24902102306184,5641.909644683529,73919,92.11779073824835,0.13212295978722619,0.5180740356445312
EGFR,JAK2,ligand_regulator,functional,0.07632556777937376,68.24902102306184,5641.909644683529,73919,92.11779073824835,0.13212295978722619,0.5180740356445312
JAK2,BTK,cell_adhesion,functional,0.019422114415870204,79.59051681892086,1494.2015283561423,76933,95.87383480384827,0.0336205457307373,0.5180740356445312
BTK,JAK2,cell_adhesion,functional,0.0194221144158702,79.59051681892086,1494.201528356142,76933,95.87383480384827,0.03362054573073729,0.5180740356445312
JAK2,EZH2,cell_adhesion,functional,0.019525072750919862,64.34319033157487,1502.6300738380417,76959,95.9062359802602,0.03379877119773739,0.5180740356445312
HBA2,CD163,ecm,functional,0.28416152504036113,33.17604550389733,16358.61067352351,57568,71.74118937241414,0.4918962654101666,0.5180740356445312
F2RL1,GNA15,cell_adhesion,functional,0.021285017790277368,77.70351747082562,1655.5486837277738,77780,96.92936543542197,0.03684531450462647,0.5180740356445312
MIF,CXCR4,ligand,functional,0.2406108763803555,32.37379166432768,12442.229028504564,51711,64.44220128607746,0.4165081514527817,0.5180740356445312
CLU,LRP2,ligand,functional,0.060332736609879145,35.885904756162546,3254.7098091565404,53946,67.22745625841185,0.10443865620498598,0.5180740356445312
ADRA2A,GNAI1,cell_surface_ligand,functional,0.03800204031533041,81.59555370844599,2886.4829741912363,75956,94.65629829021485,0.06578322560178593,0.5180740356445312
COL1A1,DDR2,ecm,functional,0.29662153157651994,47.219851945282635,17815.979051080518,60063,74.85045610886796,0.5134650920880649,0.5180740356445312
DDR2,COL1A1,cell_adhesion,functional,0.29662153157651994,47.219851945282635,17815.979051080518,60063,74.85045610886796,0.5134650920880649,0.5180740356445312
GNAI1,PLD2,cell_adhesion,functional,0.0547705997176741,87.59005870616124,4118.201392771915,75190,93.70170978515527,0.0948103493306223,0.5180740356445312
MMP2,LRP2,ecm,functional,0.07634870125298038,42.94791710889665,3325.444031774813,43556,54.279447684562086,0.13216300486113775,0.5180740356445312
TIMP2,LRP2,ecm_regulator,functional,0.07149605346726616,31.10626454742924,3174.067293679281,44395,55.32500872339365,0.12376285525325292,0.5180740356445312
NLGN1,NRXN2,ligand,functional,0.01621626996194343,96.23060793042485,1272.6204340733964,78478,97.79921240217337,0.028071086091018334,0.5180740356445312
NRXN2,NLGN1,ligand,functional,0.016216269961943433,96.23060793042485,1272.6204340733966,78478,97.79921240217337,0.028071086091018337,0.5180740356445312
JAK2,ITGAL,cell_adhesion,functional,0.04327338119197063,91.65223023744578,3300.5906036551755,76273,95.051343402622,0.074908151611931,0.5180740356445312
BTK,BMX,cell_adhesion,functional,0.007396327965051761,100.0,584.8350485246078,79071,98.53820846418424,0.012803373374495297,0.5180740356445312
PTPRF,PLCG1,inhibitory_cofactor,functional,0.0771449755881843,74.48393195862863,5551.8153131792715,71966,89.68396391007427,0.13354139122668507,0.5180740356445312
GFAP,ACTB,cell_adhesion,functional,0.16598176667663328,26.647883950367287,6201.0788030390195,37360,46.55799810577738,0.28732183620854695,0.5180740356445312
LFNG,JAG1,ligand,functional,0.11112876139807075,43.46533003820021,7553.088525942675,67967,84.7004137380988,0.19236883917906997,0.5180740356445312
EGFR,MUC1,ligand_regulator,functional,0.0497041121401969,82.257153658556,3733.5740875230304,75116,93.60949105229052,0.08604003351199042,0.5180740356445312
S100A9,AGER,ligand,functional,0.1619779361895061,33.74797161962668,6855.068237476087,42321,52.74039180499477,0.28039102717775544,0.5180740356445312
PRKCI,ECT2,tight_junction,functional,0.04735398397463951,67.31718887239431,3582.8024275212256,75660,94.2874233587558,0.08197185690817775,0.5180740356445312
ARRB2,INPP5D,cell_adhesion,functional,0.10219822137189,51.14921940637235,7275.491379464849,71190,88.71691341408705,0.17690967634430416,0.5180740356445312
F2RL1,GNAI1,cell_adhesion,functional,0.030072634142342767,68.60434237470525,2298.240919060261,76423,95.23827326653706,0.05205707008914593,0.5180740356445312
LFNG,DLL1,ligand,functional,0.053320135454754565,77.68628660691931,4042.6260299085816,75818,94.484322815413,0.09229953104183501,0.5180740356445312
TPSAB1,F2RL1,ligand,functional,0.021758423462861082,100.0,1704.88127043248,78355,97.64592991376301,0.037664800824369585,0.5180740356445312
EGFR,GNAI1,ligand_regulator,functional,0.08165169785335794,59.95967918498393,6009.483310309291,73599,91.71900702856288,0.14134272834002187,0.5180740356445312
EGFR,PRKCD,ligand_regulator,functional,0.08734257812171982,82.69888320448631,6360.985279448611,72828,90.75818752803949,0.15119389573682557,0.5180740356445312
EPHA4,EFNB3,cell_surface_ligand,functional,0.024715066332257434,100.0,1912.624838254406,77387,96.43960919196451,0.042782881413925444,0.5180740356445312
EFNB3,EPHA4,ligand,functional,0.02471506633225743,100.0,1912.6248382544059,77387,96.43960919196451,0.042782881413925444,0.5180740356445312
MMP2,DCN,ecm,functional,0.7478971788392651,10.030130507290147,30224.76868843122,40413,50.36264393599521,1.2946433516274969,0.5180740356445312
ADORA1,GNAI1,cell_adhesion,functional,0.04256690518569232,71.34515631602467,3225.549807351021,75776,94.43198245351677,0.07368521015621904,0.5180740356445312
CASP8,PSEN2,cell_adhesion,functional,0.035872678875009015,58.01746955995047,2674.738682278422,74562,92.91909675489757,0.06209720603930739,0.5180740356445312
SERPINA1,LRP1,ecm_regulator,functional,0.468036393457699,21.831757183498738,18365.28004288665,39239,48.899606201086684,0.8101918582580286,0.5180740356445312
ITGB4,PIK3CG,ligand_regulator,functional,0.01487322274604633,47.86797332648476,1132.581038888682,76149,94.89681471511888,0.02574621149838842,0.5180740356445312
TULP3,GPR161,ecm,functional,0.03416743735164422,100.0,2622.9999980483753,76769,95.66945815263446,0.05914535695683099,0.5180740356445312
ESR1,NCOA1,cell_adhesion,functional,0.03516084274456649,33.80989222618746,2423.88301628218,68937,85.90922685808285,0.06086498596975728,0.5180740356445312
CD74,CXCR4,cell_adhesion,functional,0.2630016082699227,22.17489803315034,9464.638876809708,35987,44.84696675140821,0.45526750634684787,0.5180740356445312
CXCR4,CD74,cell_adhesion,functional,0.26300160826992264,22.17489803315034,9464.638876809706,35987,44.84696675140821,0.4552675063468477,0.5180740356445312
ITGAV,THY1,ligand_regulator,functional,0.33697835884216415,22.150285866177953,15336.559067624574,45512,56.717013110014456,0.5833245588577268,0.5180740356445312
CCL11,ACKR1,ligand,functional,0.30890185481511817,28.072664121298008,18375.026833677304,59485,74.13015303324859,0.5347228789690938,0.5180740356445312
CCL13,ACKR1,ligand,functional,0.13055036536824535,54.691617748910346,8361.228700374642,64046,79.81406709535915,0.22598850130555673,0.5180740356445312
CCL14,ACKR1,ligand,functional,0.07397222959626845,50.09457679652979,4783.932032449873,64672,80.59418772743133,0.1280492264999621,0.5180740356445312
CCL2,ACKR1,ligand,functional,0.5300992591650169,16.9585779961498,26624.235291562974,50225,62.590349434225615,0.9176254450454947,0.5180740356445312
CCL5,ACKR1,ligand,functional,0.15725287263865168,44.42371458909209,10048.301308737204,63899,79.6308758287224,0.2722117315670605,0.5180740356445312
CXCL8,ACKR1,ligand,functional,0.06621367061810646,49.941079389561835,4267.669712348816,64453,80.32127012611535,0.11461881509651703,0.5180740356445312
CXCL1,ACKR1,ligand,functional,0.14347723717802002,40.69862979220048,9190.721381912428,64057,79.82777528537959,0.24836549258106796,0.5180740356445312
FLRT2,ADGRL3,ligand,functional,0.02520164535862228,83.57801948492785,1964.9974902571378,77971,97.16738946214048,0.04362517139622262,0.5180740356445312
CCL8,CCR1,ligand,functional,0.03254122392426303,73.29715966951564,2492.787917494245,76604,95.46383530232791,0.05633030903091964,0.5180740356445312
PECAM1,CD177,ligand,functional,0.16029386749099944,25.77762827697765,7320.460634446454,45669,56.91266636757888,0.2774758291988175,0.5180740356445312
CD177,PECAM1,ligand,functional,0.16029386749099941,25.77762827697765,7320.460634446453,45669,56.91266636757888,0.27747582919881747,0.5180740356445312
CD58,CD2,ligand,functional,0.0491106429577853,55.93846330032457,3395.0678583146555,69131,86.15098948207965,0.0850127119052992,0.5180740356445312
CXCL14,CXCR4,ligand,functional,0.07463692308045454,86.37372397908466,5583.812126418045,74813,93.2318927271821,0.12919984054761394,0.5180740356445312
COL1A2,DDR2,ecm,functional,0.49500211955150997,25.158777565315244,21678.122823638827,43794,54.576043068640644,0.8568707320349591,0.5180740356445312
COL3A1,DDR2,ecm,functional,0.3786016490568979,22.54742194841132,20247.237589913842,53479,66.64548128208962,0.6553763294406831,0.5180740356445312
EGFR,DCN,ligand_regulator,functional,0.3328328547073204,22.340994083119725,12221.622424852805,36720,45.76043068640646,0.5761485064281011,0.5180740356445312
DCN,EGFR,ligand,functional,0.33283285470732044,22.340994083119725,12221.622424852807,36720,45.76043068640646,0.5761485064281011,0.5180740356445312
EFEMP1,EGFR,ecm,functional,0.2572515422398669,39.17853767741657,13741.091128742491,53415,66.56572454015254,0.44531388575854136,0.5180740356445312
MIF,EGFR,ligand,functional,0.2787412667305901,36.78789162955055,14246.744883867188,51111,63.694481830417224,0.48251355668576734,0.5180740356445312
EFNB2,EPHA4,ligand,functional,0.08409190143465427,69.61650806754486,6071.014824074865,72195,89.96934350231794,0.14556682950329405,0.5180740356445312
EPHA4,EFNB2,cell_surface_ligand,functional,0.08409190143465428,69.61650806754486,6071.014824074866,72195,89.96934350231794,0.14556682950329405,0.5180740356445312
ICAM3,CD209,ligand,functional,0.22055030349032126,37.8378674433175,14349.664395990772,65063,81.08145157270326,0.38178240564608,0.5180740356445312
CD209,ICAM3,ligand,functional,0.2205503034903213,37.8378674433175,14349.664395990774,65063,81.08145157270326,0.38178240564608007,0.5180740356445312
MDK,LRP1,ligand,functional,0.36264806395765975,24.926376272207378,14097.580838290065,38874,48.44474353222671,0.6277599625553213,0.5180740356445312
DCN,MET,ligand,functional,0.33120226978756934,22.11437866239581,12142.537614951867,36662,45.688151139025976,0.5733258912540526,0.5180740356445312
MET,DCN,cell_adhesion,functional,0.33120226978756934,22.11437866239581,12142.537614951867,36662,45.688151139025976,0.5733258912540526,0.5180740356445312
MUC1,SIGLEC9,ligand,functional,0.02697702220908272,86.83789707068115,2097.8141780448996,77763,96.90818005084493,0.046698427855953094,0.5180740356445312
SIGLEC9,MUC1,ligand,functional,0.02697702220908272,86.83789707068115,2097.8141780448996,77763,96.90818005084493,0.046698427855953094,0.5180740356445312
CADM1,NECTIN3,ligand,functional,0.058310839103369275,73.28903800749647,4160.303437508088,71347,88.91256667165146,0.10093866150178656,0.5180740356445312
NECTIN3,CADM1,ligand,functional,0.05831083910336927,73.28903800749647,4160.303437508087,71347,88.91256667165146,0.10093866150178654,0.5180740356445312
TNC,PTPRZ1,ecm,functional,0.016638119542128568,88.3714429681767,1302.4486358773663,78281,97.55371118089826,0.028801326516876273,0.5180740356445312
PTN,PTPRZ1,ligand,functional,0.04510335863785206,48.52495711554881,3057.9626122877316,67799,84.49105229051393,0.07807592413597716,0.5180740356445312
WNT3,ROR2,ligand,functional,0.0032260526466724717,0.0032260526466724696,256.8260512015955,79610,99.20990977518568,0.005584440922075494,0.5180740356445312
APOE,SCARB1,ligand,functional,0.2410671893039065,40.37617377632073,13454.200902240325,55811,69.55161756642241,0.41729804946209614,0.5180740356445312
CCL5,SDC1,ligand,functional,0.016399956621754964,100.0,1281.607410120285,78147,97.38672050246747,0.028389055886380767,0.5180740356445312
PODXL2,SELP,ligand,functional,0.021274887068101805,92.07523274784167,1657.0584039603134,77888,97.06395493744081,0.03682777777299695,0.5180740356445312
VCAN,SELP,ecm,functional,0.141629217889062,40.47011335365074,8750.986114929363,61788,77.00014954389113,0.24516648882250036,0.5180740356445312
SMOC1,SMOC2,ligand,functional,0.02703700404736788,40.88352326126912,1921.4658036383405,71068,88.56487712476945,0.046802259091517855,0.5180740356445312
DCN,TLR2,ligand,functional,0.2606138329853674,20.344022372650933,9495.204390988876,36434,45.40401774587508,0.4511341609020533,0.5180740356445312
BGN,TLR2,ecm,functional,0.265523707559531,36.38749941603859,11787.924997105378,44395,55.32500872339365,0.45963337263143983,0.5180740356445312
PRG4,TLR2,ligand,functional,0.09448894728579121,80.51083830041235,6889.850569238038,72917,90.86909924729575,0.16356457928573248,0.5180740356445312
VCAN,TLR2,ecm,functional,0.16275898679827983,39.198467960933876,10004.469400516664,61468,76.60136583420567,0.2817430605943046,0.5180740356445312
ANXA2,TLR2,ligand,functional,0.2900150807686941,24.915526221381477,11612.20383397851,40040,49.8978116743931,0.5020290312789037,0.5180740356445312
TNFRSF8,TNFSF8,cell_surface_ligand,functional,0.004923008095179425,76.18854037696381,390.78838259534274,79380,98.92328398384926,0.008521946439648443,0.5180740356445312
TNFSF8,TNFRSF8,ligand,functional,0.0049230080951794255,76.18854037696381,390.7883825953428,79380,98.92328398384926,0.008521946439648443,0.5180740356445312
ITGAL,ICAM3,adhesion,functional,0.06564376527896093,55.10956866009897,4672.785787617555,71184,88.70943621953043,0.11363228355280018,0.5180740356445312
ICAM3,ITGAL,ligand,functional,0.06564376527896092,55.10956866009897,4672.785787617554,71184,88.70943621953043,0.11363228355280017,0.5180740356445312
MMP2,PECAM1,ecm,functional,0.7907105695323786,12.734079655871053,33361.66034971012,42192,52.57963212202782,1.3687552391833429,0.5180740356445312
PLAT,LRP1,ecm_regulator,functional,0.29576306975207795,24.800506770296348,11443.368931777648,38691,48.216689098250335,0.5119790564068436,0.5180740356445312
CCL2,CCR1,ligand,functional,0.24637729652791973,33.00186636028507,13329.99725134657,54104,67.42435571506904,0.4264900817474263,0.5180740356445312
CCL13,CCR1,ligand,functional,0.05170209957957447,84.75330707897899,3927.653398761534,75967,94.67000648023529,0.08949863882327126,0.5180740356445312
COL1A1,ITGAV,ecm,functional,0.5887381687991601,14.644470018888265,26148.805767214693,44415,55.349932705248996,1.0191320112587157,0.5180740356445312
COL1A1,ITGA2,ecm,functional,0.059565961305633776,48.68111586350614,3914.0197514318897,65709,81.88649618663078,0.10311133397685017,0.5180740356445312
CXCL6,ADRA2A,ligand,functional,0.007834449091217941,59.333452259557745,617.1352238134197,78772,98.16559493544689,0.013561780571697067,0.5180740356445312
CXCL6,ACKR1,ligand,functional,0.06639511749007057,50.09457679652979,4300.610945184341,64773,80.72005383580081,0.1149329077192844,0.5180740356445312
SEMA3G,NRP2,ligand,functional,0.06631673740954223,86.18022999489611,4936.551616028914,74439,92.76581426648721,0.11479722830635558,0.5180740356445312
PECAM1,EFNB2,ligand,functional,0.40080860288905423,24.173644204608753,18135.787663523926,45248,56.388016549523954,0.6938175563260686,0.5180740356445312
EFNB2,PECAM1,ligand,functional,0.40080860288905423,24.173644204608753,18135.787663523926,45248,56.388016549523954,0.6938175563260686,0.5180740356445312
EFNB2,GRM1,ligand,functional,0.02567961861014808,80.83344161181759,1894.7449795311659,73784,91.94955386072479,0.044452564398699296,0.5180740356445312
GRM1,EFNB2,cell_surface_ligand,functional,0.025679618610148072,80.83344161181759,1894.7449795311654,73784,91.94955386072479,0.04445256439869928,0.5180740356445312
APOE,LRP2,ligand,functional,0.05057693035887561,42.05570172003369,2880.60906858976,56955,70.97726932854793,0.08755092075152447,0.5180740356445312
CCL21,ADRA2A,ligand,functional,0.067829600937738,79.90494776031512,4845.950179794816,71443,89.0322017845571,0.11741606250457803,0.5180740356445312
THBS1,SDC1,ecm,functional,0.05262358809820222,31.29232179212216,2562.189880913368,48689,60.67618762773541,0.0910937765213356,0.5180740356445312
THBS1,SCARB1,ecm,functional,0.2870186838881312,28.74787409448518,13833.726526040145,48198,60.06430387318677,0.4968421347241143,0.5180740356445312
COL8A1,ITGA2,ecm,functional,0.03251713094224258,70.12708136995431,2434.134870943453,74857,93.28672548726385,0.05628860300517682,0.5180740356445312
VCAN,EGFR,ecm,functional,0.20015523743902136,36.61937779505577,12133.010183078597,60618,75.54209660535366,0.34647763726829506,0.5180740356445312
VCAN,TLR1,ecm,functional,0.10590919425877307,46.11746231887192,6576.855054275549,62099,77.38771746174169,0.18333353581590886,0.5180740356445312
TNC,SDC1,ecm,functional,0.009683834088369939,73.32594826671016,759.7161519007984,78452,97.76681122576143,0.01676314843202034,0.5180740356445312
EGFR,TNC,ligand_regulator,functional,0.05215546428265592,92.07089163477227,3912.598619556282,75018,93.48736354119934,0.09028343333154565,0.5180740356445312
TNC,EGFR,ecm,functional,0.05215546428265591,92.07089163477227,3912.5986195562814,75018,93.48736354119934,0.09028343333154563,0.5180740356445312
S100B,AGER,ligand,functional,0.04115541057378537,94.47398696356404,3147.3188682196624,76474,95.30182942026818,0.07124185007027853,0.5180740356445312
COL6A3,ITGA2,ecm,functional,0.07835268744645965,36.109893986839275,4528.315218280689,57794,72.0228303673795,0.13563199428314332,0.5180740356445312
CD14,TLR1,cell_surface_ligand,functional,0.1771986049980565,26.42821989334109,7808.25652923936,44065,54.913763022780515,0.3067386832966038,0.5180740356445312
CXCL8,SDC1,ligand,functional,0.006581530513186041,100.0,522.3826583620893,79371,98.91206819201436,0.01139292266839939,0.5180740356445312
CXCL8,SDC3,ligand,functional,0.052371657649019306,60.645554930410185,3700.528957822055,70659,88.05518169582773,0.09065767368482887,0.5180740356445312
CXCL11,ACKR1,ligand,functional,0.029561455107945757,42.94004684123209,1915.9961513663964,64814,80.77114799860425,0.05117219639648064,0.5180740356445312
BGN,TLR1,ecm,functional,0.17621041766636086,36.38749941603859,7807.5311859611165,44308,55.21658940232291,0.30502808698023876,0.5180740356445312
PTN,SDC1,ligand,functional,0.029743628902713853,52.61875418320453,2020.3657368457411,67926,84.64931957529535,0.05148754735502191,0.5180740356445312
FN1,C5AR1,ecm,functional,0.3983153907191718,25.953714059737706,17783.587249438864,44647,55.639050894770946,0.6895016949332705,0.5180740356445312
FN1,ITGA8,ecm,functional,0.21805638364459284,40.1041224042558,9803.815008660895,44960,56.02911121080704,0.3774653192348501,0.5180740356445312
HP,CD163,ligand,functional,0.30128369479570793,40.728181506669436,17668.480997599498,58644,73.0820995962315,0.5215355044210698,0.5180740356445312
FN1,ITGB8,ecm,functional,0.17090093164568512,34.776371222274086,7687.123905422916,44980,56.054035192662376,0.2958371300255738,0.5180740356445312
S100A8,CD69,ligand,functional,0.08516319004063846,43.60344132351936,5030.845125270636,59073,73.61671900702856,0.14742127782941855,0.5180740356445312
APOE,LRP1,ligand,functional,0.774369382571687,11.794388129995554,31166.818909745256,40248,50.15702108568865,1.340467916199727,0.5180740356445312
THBS1,LRP1,ecm,functional,0.8124996369641416,9.75435225565768,33129.672697212874,40775,50.81376800757689,1.4064730860837356,0.5180740356445312
C1QB,LRP1,ecm,functional,0.8199761772898237,12.831229103964281,34657.93308550898,42267,52.67309705398534,1.4194153106296843,0.5180740356445312
FN1,NT5E,ecm,functional,0.3205934448884263,27.5146434984644,14350.724373540625,44763,55.783609989531925,0.5549615425001612,0.5180740356445312
SAA1,TLR2,ligand,functional,0.05912808793040502,56.27368757858584,4419.942828973636,74752,93.1558745825233,0.10235335564756376,0.5180740356445312
TNC,ITGAV,ecm,functional,0.21809605184978256,33.801836878736395,10017.369757512362,45931,57.23917052988385,0.3775339866661133,0.5180740356445312
SPP1,ITGAV,ligand,functional,0.3320200472082982,28.199778712525614,15119.528909771483,45538,56.7494142864264,0.5747415004190729,0.5180740356445312
COL4A4,ITGAV,ecm,functional,0.23819955991424732,37.745116985684874,10907.872447153128,45793,57.067195055081996,0.41233405517344834,0.5180740356445312
COL1A2,ITGAV,ecm,functional,0.7946636718800847,11.076357159624763,33183.565610368576,41758,52.038781715766916,1.3755982355437564,0.5180740356445312
FN1,ITGAV,ecm,functional,0.7881766988942461,12.234614404927878,32989.92390891757,41856,52.16090922685809,1.3643689961697862,0.5180740356445312
SAA1,SCARB1,ligand,functional,0.09041432719802245,82.77967891418113,6670.13616037971,73773,91.93584567070435,0.15651123030101677,0.5180740356445312
THBS2,NOTCH3,ecm,functional,0.4841087053563763,20.471917914411115,22334.35512161642,46135,57.49339514480833,0.838013746525076,0.5180740356445312
MDK,LRP2,ligand,functional,0.018258853013760755,85.11825571879166,1404.3796795534086,76915,95.85140322017845,0.0316068883951351,0.5180740356445312
TF,LRP2,ligand,functional,0.006368305696805008,100.0,507.0954460251892,79628,99.23234135885549,0.011023821007448982,0.5180740356445312
LEP,LRP2,ligand,functional,0.005942002936135412,100.0,472.7932896224225,79568,99.15756941328947,0.010285871927686568,0.5180740356445312
VCAM1,ITGB7,ligand,functional,0.037616116847532154,74.44680982851254,2907.011126094132,77281,96.3075120881312,0.06511517487775798,0.5180740356445312
FN1,ITGB7,ecm,functional,0.11785424285965991,45.27566223001619,5301.90882352752,44987,56.062758586311745,0.20401094735529518,0.5180740356445312
CXCL9,FCGR2A,ligand,functional,0.0467921406516332,47.37131526550692,3271.378929377632,69913,87.1255171726235,0.08099928107373577,0.5180740356445312
ZP3,EGFR,ecm,functional,0.03341527389906404,100.0,2534.0138808616225,75834,94.50426200089727,0.05784332849520286,0.5180740356445312
CXCL12,ADRA2A,ligand,functional,0.15406192205047853,46.42332431424094,7806.625714141847,50672,63.14740042869249,0.2666880538728062,0.5180740356445312
CCL5,ADRA2A,ligand,functional,0.03466782431297974,83.76052968690644,2678.5747777180663,77264,96.28632670355415,0.060011549090005674,0.5180740356445312
CXCL11,ADRA2A,ligand,functional,0.0061995611908891276,100.0,489.5855468057053,78971,98.41358855490753,0.010731716746477282,0.5180740356445312
SAA1,ADRA2A,ligand,functional,0.051079605139216354,100.0,3875.3585623072054,75869,94.54787896914411,0.08842107320136922,0.5180740356445312
CXCL8,ADRA2A,ligand,functional,0.018464126303992648,97.4619178171571,1448.732278063871,78462,97.7792732166891,0.03196222560990822,0.5180740356445312
CXCL10,ADRA2A,ligand,functional,0.024686182944059203,100.0,1927.5465366380306,78082,97.3057175614376,0.04273288298157228,0.5180740356445312
CCL19,ADRA2A,ligand,functional,0.04337245913311473,100.0,3290.9287091842134,75876,94.55660236279348,0.07507965994412477,0.5180740356445312
CXCL1,ADRA2A,ligand,functional,0.03049076764077938,100.0,2363.156455230965,77504,96.58541448581826,0.05278087781186506,0.5180740356445312
CXCL9,ADRA2A,ligand,functional,0.018772674375845975,100.0,1474.9690257102184,78570,97.91386271870795,0.03249633607480174,0.5180740356445312
CCL18,CCR1,ligand,functional,0.10291385161231391,61.09996045798861,7510.755804518281,72981,90.94885598923284,0.17814846418734204,0.5180740356445312
COL6A1,ITGA2,ecm,functional,0.13239357426824375,32.956768618634,5063.921822186055,38249,47.665869099247296,0.22917917806642793,0.5180740356445312
COL4A4,ITGA2,ecm,functional,0.02552971411447256,87.97519747803685,1979.0379084397982,77519,96.60410747220976,0.04419307303518514,0.5180740356445312
COL1A2,ITGA2,ecm,functional,0.11340530105509365,32.750818373255996,5073.5263586027795,44738,55.75245501221276,0.19630963079464372,0.5180740356445312
FN1,ITGA2,ecm,functional,0.1116484711450913,34.776371222274086,5021.501638221626,44976,56.049050396291314,0.19326847991551507,0.5180740356445312
COL3A1,ITGA2,ecm,functional,0.08665215754787142,38.12860207952793,4966.815018486442,57319,71.43088579831513,0.14999874695026788,0.5180740356445312
APOD,LEPR,ligand,functional,0.2495584753763835,22.335672555662466,8678.14642273836,34774,43.335327251881765,0.4319968441247006,0.5180740356445312
FN1,PLAUR,ecm,functional,0.2568767292917886,35.97007305915709,11493.949252161083,44745,55.761178405862125,0.44466506783936355,0.5180740356445312
MDK,SDC3,ligand,functional,0.13362714669558554,56.65572601929657,9196.220235590197,68820,85.7634215642291,0.23131454692058998,0.5180740356445312
C1QA,CR1,ecm,functional,0.23461027856741296,37.87385863847652,11135.073041366553,47462,59.147101340910226,0.4061208491816681,0.5180740356445312
CCL8,ACKR1,ligand,functional,0.08240586208934594,42.94004684123209,5307.184736140147,64403,80.258960171477,0.14264822024690732,0.5180740356445312
MDK,TSPAN1,ligand,functional,0.024381984185885476,85.11825571879166,1873.2434630173952,76829,95.74423009820049,0.0422063013725145,0.5180740356445312
MDK,SDC1,ligand,functional,0.013106696524317346,48.591467175509806,1008.612724332317,76954,95.90000498479637,0.022688275871479747,0.5180740356445312
MDK,PTPRZ1,ligand,functional,0.022430497549479487,75.79531189357486,1722.3706153318815,76787,95.69188973630428,0.03882819102379784,0.5180740356445312
CCL18,ACKR1,ligand,functional,0.23401454766490098,31.825367321899765,14573.489970379374,62276,77.60829470116147,0.40508961243667435,0.5180740356445312
CXCL9,ACKR1,ligand,functional,0.07090626013101049,43.249765182921706,4579.764435601836,64589,80.49075320273167,0.12274189670009637,0.5180740356445312
CXCL10,ACKR1,ligand,functional,0.1083188803911887,42.034913639565836,6970.644909814167,64353,80.19665021683863,0.18750480991495364,0.5180740356445312
PTN,SDC3,ligand,functional,0.25886657521245554,33.48475615694812,16037.302067562046,61952,77.20452619510493,0.44810957981887484,0.5180740356445312
NRXN2,CLSTN2,ligand,functional,0.023488246663930838,84.08081494895748,1799.8573653636922,76628,95.49374408055431,0.04065920188660071,0.5180740356445312
COL5A1,SDC3,ecm,functional,0.18708161324848674,43.060313794327904,12458.325871056477,66593,82.98813618463686,0.3238466110806837,0.5180740356445312
CTHRC1,FZD6,ecm,functional,0.03377838484436185,92.49295156691689,2581.344169806133,76420,95.23453466925876,0.05847188972598939,0.5180740356445312
CTHRC1,ROR2,ecm,functional,0.008065800244306554,100.0,637.6821673148762,79060,98.5245002741638,0.013962259729410134,0.5180740356445312
CXCL12,ITGAV,ligand,functional,0.7612723893691454,11.599778828236104,32407.36561544452,42570,53.05069537909376,1.317796437210735,0.5180740356445312
NTRK3,PTPRF,cell_surface_ligand,functional,0.028526785437501898,88.39972203765667,2218.8989516852102,77783,96.93310403270027,0.04938113707994505,0.5180740356445312
PLA2G2A,ITGAV,ligand,functional,0.7411871185610664,8.912537395644696,28471.220785286245,38413,47.870245750461095,1.283027938207069,0.5180740356445312
POSTN,PTK7,ligand,functional,0.027320945072500498,100.0,2128.574830598514,77910,97.09137131748167,0.047293773661759665,0.5180740356445312
TFF3,CXCR4,ligand,functional,0.052620849169525016,100.0,4066.328740424215,77276,96.30128109266737,0.09108903531371663,0.5180740356445312
ZP3,MERTK,ecm,functional,0.016846799389601305,100.0,1318.6832222210421,78275,97.54623398634166,0.029162560634069384,0.5180740356445312
MXRA5,AGER,ligand,functional,0.045174544493454,96.69562366523495,3432.4522397016217,75982,94.68869946662679,0.07819915002489948,0.5180740356445312
MXRA5,AXL,ligand,functional,0.13986314518321427,50.448163095284386,9357.543728482951,66905,83.37695030158018,0.24210933825179617,0.5180740356445312
EGFR,ITGB4,ligand_regulator,functional,0.0908264418272764,94.13434881913615,6630.421079833004,73001,90.97377997108818,0.15722461909290938,0.5180740356445312
ITGB4,EGFR,ligand_regulator,functional,0.09082644182727642,94.13434881913615,6630.421079833006,73001,90.97377997108818,0.15722461909290944,0.5180740356445312
RARRES1,NRP2,ligand,functional,0.24823791574594145,25.847879202759515,10979.811251358737,44231,55.12063207217985,0.42971089654480343,0.5180740356445312
MET,MUC1,cell_adhesion,functional,0.05876634589691443,100.0,4441.0902921216175,75572,94.17775783859229,0.10172716406413028,0.5180740356445312
ANXA2,EGFR,ligand,functional,0.35676029897884426,22.06336253829296,14295.385180082289,40070,49.93519764717611,0.617567978949234,0.5180740356445312
FCGRT,CD300E,cell_adhesion,functional,0.08636420274414561,37.60475815327799,4534.293372473133,52502,65.4279447684562,0.14950028435038026,0.5180740356445312
THBS4,SDC1,ecm,functional,0.03575251121376296,35.59854304885041,2202.4977008126534,61604,76.770848910822,0.06188919046161224,0.5180740356445312
VCAN,COL1A1,ecm,functional,0.42311595254285705,23.16847423678581,23359.38550798605,55208,68.80015951348388,0.7324325728535378,0.5180740356445312
BOC,LILRA6,activating_cofactor,functional,0.054050589160425315,59.11152152739941,4078.1710027432505,75451,94.02696774836747,0.09356397896392236,0.5180740356445312
COL5A1,SDC1,ecm,functional,0.021535816827082846,52.84386377197422,1593.9734824565369,74015,92.23742585115397,0.03727945881587888,0.5180740356445312
FBLN1,VCAN,ligand,functional,0.6814464999186659,14.845406717730402,28785.663049564286,42242,52.64194207666617,1.1796142645954995,0.5180740356445312
DCN,LRP1,ligand,functional,0.7111572457213051,7.803536884348778,28989.61396458328,40764,50.80005981755645,1.2310448898386361,0.5180740356445312
COL3A1,SDC1,ecm,functional,0.047189844457517956,34.94750111319022,2713.6991953740276,57506,71.66392502866258,0.08168772408806127,0.5180740356445312
MET,ITGA2,cell_adhesion,functional,0.02950884871847389,95.45979918469364,2254.6235863349975,76405,95.21584168286725,0.05108113239154807,0.5180740356445312
VCAN,COL1A2,ecm,functional,0.6650723648315943,15.58687549073332,28964.566560780764,43551,54.27321668909825,1.1512699069365655,0.5180740356445312
VCAN,FN1,ecm,functional,0.6540013748856566,17.543384601925997,28428.785764904605,43469,54.171028363491345,1.1321055298871856,0.5180740356445312
FCGR2A,MPZ,cell_adhesion,functional,0.08118028418846378,46.44076277532122,5631.882215574675,69375,86.45506206071481,0.1405266902743766,0.5180740356445312
SEMA3G,FCGR2A,ligand,functional,0.1524803365115379,45.01066578190349,10257.809678140688,67273,83.83555156771845,0.26395025881092676,0.5180740356445312
PLA2G2A,EGFR,ligand,functional,0.337050034189425,26.046147672568807,12601.62667827422,37388,46.59289168037486,0.5834486320785282,0.5180740356445312
TLR2,CD14,cell_adhesion,functional,0.2664297068998245,25.021288509006826,11761.272981385851,44144,55.01221275110911,0.46120169787142845,0.5180740356445312
CD14,TLR2,cell_surface_ligand,functional,0.2664297068998245,25.021288509006826,11761.272981385851,44144,55.01221275110911,0.46120169787142845,0.5180740356445312
CCL21,VCAN,ligand,functional,0.3156559580297469,41.12989912297133,18431.15138935692,58390,72.76556502666867,0.546414532675551,0.5180740356445312
FCGRT,LILRB2,cell_adhesion,functional,0.25564271511882797,26.99422388606277,13290.353473597628,51988,64.78739843477393,0.4425289343038459,0.5180740356445312
COL1A1,SDC1,ecm,functional,0.038144727495978026,47.56304673663553,2517.6283041895417,66002,82.25163252081153,0.06603022347129871,0.5180740356445312
COL4A4,DDR2,ecm,functional,0.10788532509921556,95.82254340356542,7441.606069368591,68977,85.95907482179354,0.18675430638024706,0.5180740356445312
COL5A1,DDR2,ecm,functional,0.1816919895162764,42.17153634430752,11990.217772158112,65992,82.23917052988385,0.31451693217547755,0.5180740356445312
LILRA6,CD300E,cell_adhesion,functional,0.018796225308471817,100.0,1473.9248037891261,78416,97.72194805842182,0.032537103788882436,0.5180740356445312
SIGLEC9,BOC,ligand,functional,0.05227378710044498,84.8578561973957,3963.7644544654413,75827,94.4955386072479,0.09048825540298892,0.5180740356445312
THBS2,SDC1,ecm,functional,0.026858168591245474,52.88803726717316,1899.9199879761136,70739,88.15487762324909,0.046492686945967754,0.5180740356445312
ITGA2,SDC1,adhesion,functional,0.003709437068647597,0.0037094370686475966,294.85202427559153,79487,99.05662728677534,0.006421200901785075,0.5180740356445312
MYO1D,EGFR,cell_adhesion,functional,0.07638580577813968,85.4705558675672,5684.096965368708,74413,92.73341309007527,0.13222723444800064,0.5180740356445312
EGFR,MET,ligand_regulator,functional,0.0815965184436156,94.13434881913615,5998.32326382707,73512,91.61058770749216,0.1412472103223172,0.5180740356445312
MET,EGFR,cell_adhesion,functional,0.0815965184436156,94.13434881913615,5998.32326382707,73512,91.61058770749216,0.1412472103223172,0.5180740356445312
ADORA1,GRM1,cell_adhesion,functional,0.009651583822656377,69.78643467535387,758.7110042990178,78610,97.96371068241862,0.01670732178462065,0.5180740356445312
COMP,COL1A1,ecm,functional,0.042209176037559894,48.68111586350614,2783.821787205188,65953,82.19056876526594,0.07306596505620169,0.5180740356445312
COL1A2,SDC1,ecm,functional,0.06162966192317905,28.024827289772354,2761.0704838203446,44801,55.83096555505708,0.10668369172848806,0.5180740356445312
TNFRSF8,DLL1,cell_surface_ligand,functional,0.026583237711920962,100.0,2046.5637217276592,76987,95.94112955485768,0.04601676933971739,0.5180740356445312
FN1,SDC1,ecm,functional,0.05444087447552605,37.33424459754364,2450.764846264756,45017,56.10014455909476,0.09423958024004592,0.5180740356445312
KIT,IL7R,ligand,functional,0.00939828077586775,67.3967640640698,741.420972127431,78889,98.31140022930065,0.016268842920479403,0.5180740356445312
MET,MUC20,cell_adhesion,functional,0.016422706957169884,71.8756033951725,1260.8533266367178,76775,95.67693534719108,0.028428437731005365,0.5180740356445312
THBS1,LRP2,ecm,functional,0.05979930057575823,26.38779985316139,2911.986740837123,48696,60.68491102138478,0.10351525465376606,0.5180740356445312
AXL,PTPRF,cell_adhesion,functional,0.09833484208418597,52.17212649658109,6699.946130563927,68134,84.90852898659091,0.17022199459986434,0.5180740356445312
MXRA5,CD69,ligand,functional,0.033153726831791554,81.82819007206943,2533.2762672171925,76410,95.22207267833109,0.05739057886415395,0.5180740356445312
FCGR3B,EDA2R,cell_adhesion,functional,0.007601263927977674,98.25796412233034,603.5555584092833,79402,98.95070036389014,0.013158126660666517,0.5180740356445312
COMP,COL1A2,ecm,functional,0.07253213342830148,31.80300626152837,3247.8438706524835,44778,55.80230297592343,0.12555635584566138,0.5180740356445312
VCAN,TNC,ecm,functional,0.13623861812096913,54.6272542178556,8414.097055151053,61760,76.96525596929365,0.235835120355678,0.5180740356445312
THBS2,LRP2,ecm,functional,0.0315258712616803,57.473970287235474,2228.879098200797,70700,88.10627585863118,0.05457268831598375,0.5180740356445312
FBLN2,VCAN,ligand,functional,0.5406706715235247,20.332482969987495,26794.016468691312,49557,61.75788844025721,0.9359250310240055,0.5180740356445312
LILRB2,SIGLEC9,adhesion,functional,0.042134174925083506,100.0,3217.7026706787774,76368,95.16973231643487,0.07293613478757717,0.5180740356445312
MPZ,LILRA6,cell_surface_ligand,functional,0.030967815324835588,90.78826840041322,2403.164404837891,77602,96.70754199690943,0.05360666861579775,0.5180740356445312
FCGR2A,CD72,cell_adhesion,functional,0.048771673218437485,61.470132214134225,3419.479552691089,70112,87.37351079208415,0.08442594017802697,0.5180740356445312
LRRC4,PRKCZ,cell_surface_ligand,functional,0.03585514537929753,100.0,2747.508080124811,76628,95.49374408055431,0.06206685477673292,0.5180740356445312
CCL11,CCR1,ligand,functional,0.1234804124808104,44.19716875774428,8482.857376606713,68698,85.61138527491153,0.21375009773751172,0.5180740356445312
PRKCZ,AGER,cell_adhesion,functional,0.032104032499788555,100.0,2462.6361249937804,76708,95.59344000797567,0.055573511188784605,0.5180740356445312
PTPRF,MET,inhibitory_cofactor,functional,0.06619306363881501,67.44222197778137,4994.597616866787,75455,94.03195254473854,0.11458314349687522,0.5180740356445312
SPP1,ITGB8,ligand,functional,0.05018148461171535,96.42552931897711,3778.8665172006126,75304,93.84377648173073,0.0868663865374966,0.5180740356445312
JAK2,PLCG1,cell_adhesion,functional,0.10055404120113644,44.52658434497134,7135.918087879849,70966,88.43776481730721,0.17406352718480675,0.5180740356445312
EGFR,BMX,ligand_regulator,functional,0.034108836792865034,87.96655157813285,2587.4622502699485,75859,94.53541697821643,0.059043916777657066,0.5180740356445312
ADAMTS1,VCAN,secreted_enzyme,functional,0.5157802196483982,16.56397249278119,26143.867773538008,50688,63.16733961417677,0.89283854941814,0.5180740356445312
PRKCZ,PRKCD,cell_adhesion,functional,0.07091384196033193,100.0,5232.02325983329,73780,91.94456906435371,0.12275502118458688,0.5180740356445312
CTSG,CXCL12,ligand,functional,0.23844154794981182,34.545542564149066,12011.016094875871,50373,62.77478689995514,0.4127529472488312,0.5180740356445312
EGFR,CDK6,ligand_regulator,functional,0.09386278007322116,80.10605830762745,6823.824111323178,72700,90.59867404416529,0.16248065593142985,0.5180740356445312
EGFR,FCGR2A,ligand_regulator,functional,0.14121315633285045,37.23464728075205,9540.643268160042,67562,84.19570310552814,0.24444626772412287,0.5180740356445312
EGFR,TEK,ligand_regulator,functional,0.12411697724276419,65.39692999780526,8630.59812955285,69536,86.65570011465032,0.21485201971323414,0.5180740356445312
PRKCZ,MET,cell_adhesion,functional,0.06243364932564129,63.546445743306386,4651.806343954881,74508,92.85180200388814,0.10807542975724414,0.5180740356445312
TIMP2,MMP2,ecm_regulator,functional,0.8079980927292392,11.75278376276971,34148.42339301584,42263,52.668112257614276,1.398680712371592,0.5180740356445312
EGFR,SOS1,ligand_regulator,functional,0.11714775404275281,76.46665103304998,8263.954013437911,70543,87.91062260106675,0.2027879837238138,0.5180740356445312
SLAMF1,INPP5D,ligand,functional,0.020963967482666927,100.0,1609.4457115793052,76772,95.67319674991278,0.036289562112391344,0.5180740356445312
FBLN1,FN1,ligand,functional,0.7986452443291364,14.185474692247608,33511.95309729489,41961,52.29176013159862,1.3824905149185605,0.5180740356445312
KIT,PIK3CG,ligand,functional,0.009086828264331518,100.0,718.9407654456454,79119,98.59802602063705,0.01572970474103893,0.5180740356445312
AXL,PLCG1,cell_adhesion,functional,0.20370767176781895,45.39122935868142,13132.218768184217,64466,80.33747071432133,0.352627059429519,0.5180740356445312
CXCR4,PIK3CG,cell_adhesion,functional,0.010669212143682553,86.90672856859884,833.009407330159,78076,97.29824036688102,0.018468881765752142,0.5180740356445312
GZMB,CASP8,secreted_enzyme,functional,0.012376616996163036,100.0,977.3319377190103,78966,98.4073575594437,0.021424475667351082,0.5180740356445312
JAK2,CXCR4,cell_adhesion,functional,0.05318361008381787,69.78838367823344,4017.436722121518,75539,94.13663326853097,0.09206319953957424,0.5180740356445312
CXCR4,JAK2,cell_adhesion,functional,0.05318361008381787,69.78838367823344,4017.436722121518,75539,94.13663326853097,0.09206319953957424,0.5180740356445312
THBS1,FN1,ecm,functional,0.7857753566222351,12.188062197835595,33145.57609303912,42182,52.56717013110015,1.360212165665002,0.5180740356445312
ARRB2,EGFR,cell_adhesion,functional,0.11756777430814128,70.5573117690463,8318.86057449546,70758,88.17855540601165,0.20351505752422303,0.5180740356445312
FN1,EGFR,ecm,functional,0.3148215103913406,34.03955646584366,14034.428111735571,44579,55.55430935646278,0.5449700666207109,0.5180740356445312
TIMP1,MMP2,ecm_regulator,functional,0.8230699522135971,15.724182285384463,33267.66439852138,40419,50.370121130551816,1.4247707729175771,0.5180740356445312
TNC,FN1,ecm,functional,0.24042764204898331,40.1041224042558,10837.275965357923,45075,56.17242410647525,0.4161909646581088,0.5180740356445312
THBS1,MMP2,ecm,functional,0.7840561990568967,14.37848303144846,33149.896096125594,42280,52.68929764219131,1.3572362272936074,0.5180740356445312
IGFBP3,EGFR,ligand,functional,0.24054712119624863,40.09098349694079,13128.821327770054,54579,68.0163002841334,0.41639778838741504,0.5180740356445312
CCR1,GNAI1,cell_adhesion,functional,0.0685202856110738,71.92327387133221,5093.935072898449,74342,92.64493295448881,0.11861166845911979,0.5180740356445312
PRKCZ,BTK,cell_adhesion,functional,0.019892561845780726,100.0,1535.3874935047395,77184,96.1866307761328,0.034434911200559186,0.5180740356445312
MET,INPP5D,cell_adhesion,functional,0.07256072952102548,51.189247437286,5371.525684982474,74028,92.25362643935995,0.12560585695674342,0.5180740356445312
CLDN1,MMP2,ligand,functional,0.10058483803655949,42.94791710889665,4382.38080841486,43569,54.29564827276806,0.1741168378795917,0.5180740356445312
C2,C3,ecm,functional,0.36904097660127627,36.37825230628852,13706.919952924603,37142,46.28632670355416,0.6388263792844747,0.5180740356445312
MET,PLCG1,cell_adhesion,functional,0.10990819218370725,63.47690694723486,7764.903869586733,70649,88.04271970490005,0.19025597946614875,0.5180740356445312
KIT,CSF2RA,ligand,functional,0.009398021055313325,95.10323437713977,740.7050294745197,78815,98.21918149643587,0.016268393332623504,0.5180740356445312
PRKCZ,CASP8,cell_adhesion,functional,0.02441964035355884,68.47808750459211,1881.411191039941,77045,96.01340910223819,0.04227148587715691,0.5180740356445312
FN1,CXCL12,ecm,functional,0.7667931061343303,12.967099090987151,32751.267149209514,42712,53.22765565026669,1.3273530439990604,0.5180740356445312
CXCL12,FN1,ligand,functional,0.76679310613433,12.967099090987151,32751.267149209507,42712,53.22765565026669,1.3273530439990602,0.5180740356445312
ANXA2,PLAT,ligand,functional,0.29900221042229974,28.58713677083959,11962.779436785791,40009,49.85917950251732,0.5175861532810386,0.5180740356445312
NGFR,NTRK3,activating_cofactor,functional,0.07607230965608652,47.48956910641792,5164.092668693777,67884,84.59697921339914,0.13168455868766815,0.5180740356445312
NTRK3,NGFR,cell_surface_ligand,functional,0.07607230965608651,47.48956910641792,5164.092668693776,67884,84.59697921339914,0.13168455868766812,0.5180740356445312
NGFR,NTRK2,activating_cofactor,functional,0.14184661037400392,39.15785164125358,9487.836074696374,66888,83.35576491700314,0.24554280490348984,0.5180740356445312
CSF3,CSF2RB,ligand,functional,0.02298820880921544,85.0553319193485,1788.8274684890996,77815,96.97298240366881,0.03979361407254573,0.5180740356445312
TNC,ITGA8,ecm,functional,0.04018503793473422,100.0,3107.6295386068014,77333,96.37231444095508,0.06956209178091241,0.5180740356445312
TNC,ITGA2,ecm,functional,0.01719441763658368,100.0,1342.488545811544,78077,97.29948656597378,0.02976430331353584,0.5180740356445312
CTSG,F2RL3,ligand,functional,0.038229960451946335,99.20909220265591,2932.849646031515,76716,95.60340960071781,0.0661777655170585,0.5180740356445312
COL4A4,SDC1,ecm,functional,0.010912764290825949,80.55767612880965,849.7333042694534,77866,97.03653855739994,0.018890481387993215,0.5180740356445312
COL6A1,SDC1,ecm,functional,0.07123525289926229,24.530444994644704,2722.183954292409,38214,47.62225213100045,0.12331139784571074,0.5180740356445312
COL6A3,SDC1,ecm,functional,0.04606185031917431,43.129253038252806,2670.435772254131,57975,72.24839240317033,0.07973511595795996,0.5180740356445312
COL6A6,SDC1,ecm,functional,0.004240401660327797,100.0,337.9557719264651,79699,99.32082149444194,0.0073403242759837025,0.5180740356445312
COMP,SDC1,ecm,functional,0.0024039637829451244,0.002403963782945125,191.877177263331,79817,99.46787298738846,0.004161368457056407,0.5180740356445312
TNC,NT5E,ecm,functional,0.056335112585695346,89.58862914101584,4233.358370364663,75146,93.64687702507352,0.09751859083818211,0.5180740356445312
GPC6,LRP1,ecm,functional,0.1765090528912833,25.23739648082411,6806.895115699449,38564,48.05842181346892,0.3055450378652623,0.5180740356445312
GPC6,LRP2,ecm,functional,0.008198431956966271,84.26206088850806,648.979675281493,79159,98.64787398434774,0.014191851135646439,0.5180740356445312
EPHA4,PLCG1,cell_surface_ligand,functional,0.09380518664570978,90.75130454741556,6710.354026700849,71535,89.14685210109167,0.16238095914137002,0.5180740356445312
PDGFA,EGFR,ligand,functional,0.11799765454835269,61.41303159109964,8224.790514983828,69703,86.86381536314242,0.2042591993805267,0.5180740356445312
HCST,PLCG1,cell_surface_ligand,functional,0.17151048573234243,47.82233330458917,11530.135424328184,67227,83.77822640945118,0.29689229531844613,0.5180740356445312
CTSB,CD74,ecm_regulator,functional,0.6746689785786311,6.445633785275965,28876.506952143987,42801,53.33856736952296,1.1678820730701784,0.5180740356445312
HPSE,SDC1,secreted_enzyme,functional,0.004165031923134363,100.0,332.0530050399639,79724,99.35197647176113,0.007209855901543742,0.5180740356445312
THBS1,VCAM1,ecm,functional,0.25928427871609466,35.50294170356279,12527.060641889399,48314,60.208862967947766,0.44883264320143385,0.5180740356445312
COMP,ITGA2,ecm,functional,0.009808529073558133,100.0,779.2287837197524,79444,99.00304072578635,0.016979001009249917,0.5180740356445312
IL12A,JAK2,ligand,functional,0.013549665724059847,60.457053840184855,1045.1941146225286,77138,96.12930561786551,0.023455075300129066,0.5180740356445312
COL4A4,ITGB7,ecm,functional,0.027918083543387283,85.48187385848458,2164.824034121337,77542,96.6327700513434,0.048327446970347895,0.5180740356445312
GRM1,GNA15,cell_surface_ligand,functional,0.015633899433395045,82.71600336301168,1220.3665558713838,78059,97.27705498230397,0.027062976748850328,0.5180740356445312
KLK1,PLAT,ligand,functional,0.011487943684313617,96.66703974645702,893.5782115406504,77784,96.93435023179303,0.019886142554849925,0.5180740356445312
IL18,IDO1,ligand,functional,0.01715086936162906,100.0,1346.3432448878812,78500,97.82662878221424,0.02968891930856827,0.5180740356445312
IL10RB,JAK2,cell_adhesion,functional,0.09315921806402996,52.247618110434466,6774.258859962067,72717,90.61985942874233,0.1612627587345575,0.5180740356445312
S100B,CASP8,ligand,functional,0.0330966891845557,70.34076851592252,2542.3883730900156,76817,95.72927570908728,0.057291844154523174,0.5180740356445312
CCL13,CXCR4,ligand,functional,0.056438943851992836,100.0,4338.235858127281,76866,95.79033946463286,0.09769832738808024,0.5180740356445312
CXCL11,CCR1,ligand,functional,0.010148721188386086,70.64910624345248,783.6538040036083,77217,96.22775534619412,0.01756788872296165,0.5180740356445312
CXCL8,PIK3CG,ligand,functional,0.0048923465416318215,65.87538701969717,388.2028057319434,79349,98.88465181197348,0.008468869923819646,0.5180740356445312
CTSG,THBD,ligand,functional,0.15982748682578435,49.74449470299633,10254.69138222915,64161,79.95737999102737,0.27666850347994604,0.5180740356445312
COL6A3,ITGB8,ecm,functional,0.12859061678609274,43.114404110036546,7407.591070579658,57606,71.78854493793928,0.2225960891605036,0.5180740356445312
CXCL9,CXCR4,ligand,functional,0.028254111034122294,100.0,2196.7853870140425,77751,96.89322566173172,0.048909125534130314,0.5180740356445312
TLR2,CXCL12,cell_adhesion,functional,0.23574590482024943,34.820944126353226,11919.54869361663,50561,63.009072329395345,0.4080866688421329,0.5180740356445312
CXCL12,GNAI1,ligand,functional,0.2672920064119122,34.820944126353226,13410.039961685636,50170,62.52180848412342,0.4626943767610167,0.5180740356445312
COL3A1,SDC3,ecm,functional,0.3706616032836407,21.60203632916516,19960.868660030617,53852,67.11031354369173,0.6416317563057513,0.5180740356445312
CCL14,CXCR4,ligand,functional,0.028589625876941284,100.0,2225.3592990093557,77838,97.00164498280245,0.04948991668152052,0.5180740356445312
NGF,NTRK2,ligand,functional,0.05669126357563543,70.32476291651494,4288.864163287547,75653,94.27869996510643,0.0981351040760273,0.5180740356445312
LEPR,PRKAA1,ligand,functional,0.08373186488385134,61.35863258895634,5990.345077520493,71542,89.15557549474103,0.14494359018640918,0.5180740356445312
EDN1,PTGS1,ligand,functional,0.033650427439817526,94.47976338038737,2583.64616840175,76779,95.68192014356214,0.058250389755442736,0.5180740356445312
NPPA,LTK,ligand,functional,0.021181577831039328,42.60277375302282,1549.453599918358,73151,91.16070983500325,0.03666625532468948,0.5180740356445312
CNTFR,JAK2,cell_adhesion,functional,0.03516348623624836,74.34885793065204,2690.006697073,76500,95.33423059668013,0.06086956197168354,0.5180740356445312
FGF9,EGFR,ligand,functional,0.06885790878684506,92.07089163477227,5103.954773007316,74123,92.37201535317283,0.11919610922482238,0.5180740356445312
THBS4,ITGB4,ecm,functional,0.2113744150717425,65.48718972833518,12580.793810655043,59519,74.17252380240267,0.3658985338084757,0.5180740356445312
LBP,NT5E,ecm,functional,0.029474176833004344,58.438292014769644,2248.4375797057364,76285,95.06629779173521,0.05102111381241504,0.5180740356445312
RELN,ITGB4,ecm,functional,0.037932259802692964,83.67859235302804,2875.6066833823506,75809,94.47310702357808,0.0656624324241737,0.5180740356445312
ESR1,COL1A2,cell_adhesion,functional,0.0757116137732089,32.53737794909092,3389.07896733015,44763,55.783609989531925,0.13106017803757442,0.5180740356445312
CD14,VCAN,cell_surface_ligand,functional,0.6671463017218254,12.942890152849765,28982.16963939954,43442,54.13738098798664,1.1548599841324707,0.5180740356445312
CCL2,JAK2,ligand,functional,0.22778864571755933,32.12472214447004,12264.59626272483,53842,67.09785155276407,0.3943122986667252,0.5180740356445312
THBS4,ITGA2,ecm,functional,0.06579194908864495,65.48718972833518,4037.586123621052,61369,76.47799212402174,0.11388879633216915,0.5180740356445312
CASP8,MAP3K5,cell_adhesion,functional,0.0372948791174019,68.66164969247524,2757.396887545109,73935,92.13772992373262,0.06455909804878732,0.5180740356445312
CXCL11,MAP2K6,ligand,functional,0.00781325286278762,100.0,622.325590521034,79650,99.25975773889637,0.01352508895553202,0.5180740356445312
PDGFA,SOS1,ligand,functional,0.17090485581351053,50.66096843197113,11542.572151932874,67538,84.16579432730174,0.2958439229349865,0.5180740356445312
THBS4,ITGAV,ecm,functional,0.6594529031079814,15.856773668144157,29094.402632221034,44119,54.98105777378994,1.1415423682239692,0.5180740356445312
JAK2,GZMB,cell_adhesion,functional,0.028693244972741404,74.85665748022248,2201.747459738339,76734,95.62584118438761,0.049669285954830895,0.5180740356445312
COMP,ITGB4,ecm,functional,0.02005565361716719,100.0,1526.7566872604693,76126,94.86815213598524,0.03471723032610841,0.5180740356445312
SPP1,ITGA2,ligand,functional,0.031205339488059185,84.35437366923242,2364.5533943681967,75774,94.42949005533124,0.05401783352919609,0.5180740356445312
COL6A1,ITGB8,ecm,functional,0.1997590012503862,34.05691693090252,7646.974326866034,38281,47.70574747021584,0.34579173476484276,0.5180740356445312
THBS1,ITGAV,ecm,functional,0.7670234243725628,20.821586542353497,32684.402159363646,42612,53.10303574098998,1.3277517351351191,0.5180740356445312
CXCL12,PRKCZ,ligand,functional,0.23433774191686033,46.42332431424094,11788.360107127659,50305,62.69004536164697,0.40564907609213674,0.5180740356445312
FGF18,PLCG1,ligand,functional,0.15489875938399814,39.29306103214593,10578.810772130153,68295,85.10916704052639,0.2681366565964002,0.5180740356445312
FGF18,EGFR,ligand,functional,0.11845152710486104,89.42580541112198,8403.425138927261,70944,88.41034843726634,0.20504487300571894,0.5180740356445312
CXCL10,CCR1,ligand,functional,0.049632321776409576,80.69555998978132,3791.611589787033,76394,95.20213349284681,0.08591576119245525,0.5180740356445312
COL5A1,ITGB7,ecm,functional,0.04901802168457769,72.2568244024683,3614.343828912336,73735,91.8884901051792,0.08485238035308824,0.5180740356445312
COL6A1,ITGAV,ecm,functional,0.8112757072150496,9.419593558161612,32873.70293206102,40521,50.49723343801406,1.4043544091354145,0.5180740356445312
CXCL10,CXCR4,ligand,functional,0.05576422864947168,100.0,4311.076752662006,77309,96.34240566272868,0.09653036529930527,0.5180740356445312
CXCL1,CXCR4,ligand,functional,0.05800347929181366,95.03680498865661,4450.780976498738,76733,95.62459498529485,0.10040660796843116,0.5180740356445312
THBS4,ITGA8,ecm,functional,0.10537700163641955,65.06862194883779,6407.027076495945,60801,75.77015103933005,0.1824122866658793,0.5180740356445312
IGF1,HMOX1,ligand,functional,0.11968402164283995,48.27123088851167,8456.753285261428,70659,88.05518169582773,0.20717837598535052,0.5180740356445312
TLR2,MUC1,cell_adhesion,functional,0.04470467794883902,96.1002627898662,3421.517231492343,76536,95.37909376401974,0.07738579009341524,0.5180740356445312
MET,PIK3CG,cell_adhesion,functional,0.014494796139587809,68.83790785008274,1112.243686975131,76734,95.62584118438761,0.025091138175487474,0.5180740356445312
THBS2,ITGAV,ecm,functional,0.484152920381534,22.35792920476358,21732.6562900863,44888,55.939384876127804,0.8380902847043633,0.5180740356445312
COL6A3,ITGAV,ecm,functional,0.6955049243767286,15.444499249401668,30368.527017985478,43664,54.414037186580934,1.2039500239404346,0.5180740356445312
IGF1,MET,ligand,functional,0.1269845780329917,56.36976666886747,8974.635052481688,70675,88.075120881312,0.21981596449499097,0.5180740356445312
EDN1,PIK3CG,ligand,functional,0.01362683382549865,97.30729314429418,1069.8018431384226,78507,97.83535217586362,0.02358865672323393,0.5180740356445312
CXCL11,CXCR4,ligand,functional,0.010876186127301355,72.94857514152856,849.7129173815456,78126,97.36055032151937,0.01882716295658082,0.5180740356445312
GNAI1,PLCG1,cell_adhesion,functional,0.1053083123339228,84.50280482185104,7439.189799892974,70642,88.03399631125069,0.18229338242165768,0.5180740356445312
RELN,ITGA8,ecm,functional,0.02193797770143425,100.0,1717.2829564905715,78279,97.55121878271272,0.03797561721437932,0.5180740356445312
NGF,SOS1,ligand,functional,0.09003305216932093,88.67381873996334,6448.527328575443,71624,89.25776382034793,0.15585122623225414,0.5180740356445312
MUC1,CASP8,ligand,functional,0.019696462767678016,95.63332384156328,1539.2982617568048,78151,97.39170529883853,0.03409545495589201,0.5180740356445312
GNAI1,PIK3CG,cell_adhesion,functional,0.015896573468109243,100.0,1220.745566336513,76793,95.69936693086088,0.0275176772107717,0.5180740356445312
EDN1,EGFR,ligand,functional,0.05525842839112527,87.96655157813285,4150.736848599375,75115,93.60824485319775,0.09565480250772482,0.5180740356445312
TEK,BMX,ligand,functional,0.05280634981032321,49.606752655854,3798.2023228071175,71927,89.63536214545636,0.0914101451910192,0.5180740356445312
IL10RB,MAP3K5,cell_adhesion,functional,0.12667379483516478,57.68006534191829,8888.953531173183,70172,87.44828273765016,0.21927798492741377,0.5180740356445312
SPP1,ITGB7,ligand,functional,0.04117741737975273,87.71763479682986,3122.4423824892697,75829,94.49803100543342,0.07127994483228903,0.5180740356445312
COL6A3,ITGB7,ecm,functional,0.09402276129025183,43.129253038252806,5439.68685444752,57855,72.09884851203829,0.16275759054874644,0.5180740356445312
THBS2,ITGB4,ecm,functional,0.15095684081562233,59.49737701893462,10257.819247103169,67952,84.68172075170729,0.26131301985648747,0.5180740356445312
CXCL8,SELP,ligand,functional,0.018988762873560244,100.0,1479.2815941389638,77903,97.08264792383231,0.03287039489577916,0.5180740356445312
COMP,ITGB7,ecm,functional,0.00657081312927671,100.0,522.1365236917152,79463,99.02671850854892,0.011374370399160201,0.5180740356445312
CCL4,PLCG1,ligand,functional,0.05692327810242012,52.530898707520194,4130.125365999194,72556,90.41922137480684,0.09853673156317598,0.5180740356445312
TPSAB1,MMP2,ligand,functional,0.19061690611810614,27.163258407050687,8295.266520447743,43518,54.232092119036935,0.32996636061204604,0.5180740356445312
S100B,MAP3K5,ligand,functional,0.09310769052568718,44.989250993826936,6700.960487133707,71970,89.68894870644533,0.1611735622690156,0.5180740356445312
F2RL1,EGFR,cell_adhesion,functional,0.0318928388259597,65.966630079286,2422.1335374763357,75946,94.64383629928717,0.055207925526123525,0.5180740356445312
THBS4,ITGB8,ecm,functional,0.10039717897191326,65.48718972833518,6128.745790340445,61045,76.0742236179652,0.1737919916744035,0.5180740356445312
PRKCZ,VCAM1,cell_adhesion,functional,0.05311561542363685,90.46483943123157,3998.171719783417,75273,93.80514430985494,0.09194549775216258,0.5180740356445312
THBS2,ITGB7,ecm,functional,0.061671957504344434,63.09409067790362,4347.687988183769,70497,87.85329744279946,0.10675690726467174,0.5180740356445312
COL1A2,ITGB7,ecm,functional,0.12670555245168028,30.435356845168656,5674.761577653404,44787,55.81351876775834,0.21933295877709338,0.5180740356445312
CSF2RB,SOS1,cell_adhesion,functional,0.07744966880236458,50.41553574864651,5568.011589539594,71892,89.59174517720952,0.13406882876112894,0.5180740356445312
COL1A1,ITGA8,ecm,functional,0.12308564845172311,38.81050587923642,8037.8621008428745,65303,81.38053935496735,0.21306674360785346,0.5180740356445312
CXCL14,CCR1,ligand,functional,0.07693042125087764,84.5697228961447,5688.8507906599,73948,92.15393051193858,0.13316998810575337,0.5180740356445312
GNAI1,SOS1,cell_adhesion,functional,0.1068157534897111,88.67381873996334,7570.246081322805,70872,88.32062210258711,0.18490283025155846,0.5180740356445312
FN1,SDC3,ecm,functional,0.4888520812636033,20.093257948266885,21672.279318659326,44333,55.24774437964209,0.8462247416408649,0.5180740356445312
COL6A3,SDC3,ecm,functional,0.36595194996159597,28.46815655012926,19876.680162164084,54315,67.68730372364288,0.6334791364879861,0.5180740356445312
CXCL8,CCR1,ligand,functional,0.02623418151107047,62.95393718057794,2012.8438106183928,76726,95.61587159164549,0.04541253749801317,0.5180740356445312
SPP1,ITGB4,ligand,functional,0.10447664609952659,84.35437366923242,7614.257967733498,72880,90.82298988086337,0.180853731101131,0.5180740356445312
SERPINA1,TF,ecm_regulator,functional,0.030210240480243865,83.1825562418709,2239.424706319517,74128,92.37824634863667,0.05229527279340263,0.5180740356445312
CXCL6,CCR1,ligand,functional,0.026978788300662783,91.39946461321068,2078.985426449074,77060,96.03210208862968,0.04670148503919591,0.5180740356445312
PRKCI,BMX,tight_junction,functional,0.027043203787992104,85.87065166689382,2069.183694634428,76514,95.35167738397887,0.04681299111887144,0.5180740356445312
CCL4,CXCR4,ligand,functional,0.04348966235832455,100.0,3365.534500923662,77387,96.43960919196451,0.07528254395091123,0.5180740356445312
RELN,ITGAV,ecm,functional,0.11782272847441491,29.03987314901183,5418.313814352919,45987,57.30895767907881,0.20395639454978604,0.5180740356445312
CFD,C3,secreted_enzyme,functional,0.7002176927662568,8.623644140951818,29437.8520215862,42041,52.391456059019994,1.2121080360788572,0.5180740356445312
COL3A1,ITGB4,ecm,functional,0.255109239461396,38.12860207952793,14289.9440484301,56015,69.80584218134689,0.44160546416290847,0.5180740356445312
EDN1,COL1A2,ligand,functional,0.2099054558525135,25.47564629851721,9378.575767490303,44680,55.68017546483226,0.36335569992596484,0.5180740356445312
CCL19,CXCR4,ligand,functional,0.11281471449273239,83.34512242601696,8497.768369165067,75325,93.86994666267883,0.19528729913174295,0.5180740356445312
PLAUR,PIK3CG,ligand,functional,0.015624566669198403,93.42455367629668,1210.653923796169,77484,96.56049050396291,0.02704682131804867,0.5180740356445312
COL6A6,ITGB7,ecm,functional,0.007187734114462454,100.0,570.2963878437945,79343,98.87717461741687,0.012442288121740435,0.5180740356445312
COL1A2,ITGB8,ecm,functional,0.18274902124530187,45.967316668510335,8182.7701752796365,44776,55.799810577737894,0.31634670121213304,0.5180740356445312
THBS2,ITGA8,ecm,functional,0.08197801209374216,67.69296966100424,5722.2292001673895,69802,86.98718907332635,0.1419075928345109,0.5180740356445312
TF,C3,ligand,functional,0.11563380517712861,31.59964470047958,4242.604311948849,36690,45.72304471362345,0.20016727075812737,0.5180740356445312
COL6A6,ITGAV,ecm,functional,0.08165933180041447,33.801836878736395,3755.6759881646626,45992,57.31518867454265,0.14135594304263482,0.5180740356445312
CSF3,CXCL12,ligand,functional,0.08731606736671574,46.42332431424094,4432.949424140791,50769,63.26828174069089,0.1511480044382838,0.5180740356445312
CCL2,CXCR4,ligand,functional,0.22189910266975382,38.273444877694985,12068.87029510524,54389,67.77952245650766,0.3841172371439647,0.5180740356445312
IL18,VCAM1,ligand,functional,0.026605230820639224,76.02890058735885,2054.455923969761,77220,96.23149394347242,0.04605484039117918,0.5180740356445312
PDGFA,PLCG1,ligand,functional,0.16834324659424638,63.08963039983659,11310.982738667413,67190,83.73211704301879,0.2914096632011351,0.5180740356445312
COMP,SDC3,ecm,functional,0.030892282363793995,76.00022760412239,2194.1243548884686,71025,88.51129056378046,0.05347591769360146,0.5180740356445312
COL6A6,ITGB8,ecm,functional,0.01363271122808743,100.0,1074.3121756182018,78804,98.20547330641544,0.023598830769080995,0.5180740356445312
CXCR4,PLCG1,cell_adhesion,functional,0.08273923547897936,84.50280482185104,5934.802621671711,71729,89.38861472508847,0.14322530444338505,0.5180740356445312
COL3A1,ITGA8,ecm,functional,0.14618089516987903,31.74556060469234,8328.948864094198,56977,71.0046857085888,0.2530456450716379,0.5180740356445312
EDN1,CASP8,ligand,functional,0.018049075206988282,94.27936554566045,1409.8854607186827,78114,97.34559593240616,0.03124375366145622,0.5180740356445312
SFRP5,FZD6,ligand,functional,0.016989434158110172,82.21420279460942,1306.266624114617,76887,95.81650964558098,0.02940946777583388,0.5180740356445312
PRKCZ,ANXA2,cell_adhesion,functional,0.28481774586781494,21.557630021606535,11374.481498977058,39936,49.768206968745325,0.49303221291137417,0.5180740356445312
THBS2,ITGB8,ecm,functional,0.07534410343454244,59.49737701893462,5277.854445589698,70050,87.29624644833258,0.13042400126077827,0.5180740356445312
COL6A6,ITGA8,ecm,functional,0.016856650838682836,100.0,1323.6179371550536,78522,97.85404516225512,0.02917961393152545,0.5180740356445312
TNC,ITGB8,ecm,functional,0.024373799279873355,100.0,1890.699983939056,77571,96.66890982503364,0.042192132935392264,0.5180740356445312
GNAI1,HLA-DRB1,cell_adhesion,functional,0.3299086044220218,22.869660505193785,13931.050638928715,42227,52.62324909027466,0.5710864988454113,0.5180740356445312
RELN,ITGB8,ecm,functional,0.01814581365732406,100.0,1425.6258499876647,78565,97.90763172324411,0.03141121223078568,0.5180740356445312
VCAM1,PIK3CG,ligand,functional,0.012615343074184406,81.24591826375317,978.40816280452,77557,96.65146303773491,0.021837721148835774,0.5180740356445312
SNCA,PRKCZ,ligand,functional,0.03966316028613774,84.61965028691891,3015.947044997628,76039,94.75973281491451,0.0686586983102123,0.5180740356445312
PRKCZ,SDC3,cell_adhesion,functional,0.11323012620421519,51.95035804706293,7839.1480973702255,69232,86.27685559044913,0.1960063953199303,0.5180740356445312
IL18,FN1,ligand,functional,0.1044965177768564,30.482852114189832,4698.999411389678,44968,56.03908080354918,0.1808881298603036,0.5180740356445312
F2RL1,PTGES,cell_adhesion,functional,0.030177985760650027,73.81112638090059,2311.4224633654676,76593,95.45012711230746,0.05223943843613766,0.5180740356445312
CXCL1,CCR1,ligand,functional,0.054951227857709097,71.20825302288912,4167.501120728658,75840,94.51173919545387,0.0951230246919281,0.5180740356445312
THBS1,ITGB8,ecm,functional,0.14617995469570733,29.83626358074754,7080.3722856412805,48436,60.360899257265345,0.2530440170689281,0.5180740356445312
NGF,PLCG1,ligand,functional,0.09852563864546192,84.50280482185104,7042.218547823036,71476,89.07332635461842,0.17055227195156214,0.5180740356445312
BTK,SOS1,cell_adhesion,functional,0.03426368102936561,61.115157970902764,2507.998660306475,73197,91.21803499327052,0.05931195905271208,0.5180740356445312
CD14,CXCL12,cell_surface_ligand,functional,0.784473347202123,9.881030655463476,34032.807221669704,43383,54.06385524151338,1.357958329326001,0.5180740356445312
LFNG,NOTCH3,ligand,functional,0.2246508786378968,30.18237093713817,10539.945273054203,46917,58.46792283535217,0.38888068399618264,0.5180740356445312
JAK2,CAMK2G,cell_adhesion,functional,0.08265826261299408,62.3156367972054,6117.124724674627,74005,92.22496386022631,0.14308513680326537,0.5180740356445312
LEP,JAK2,ligand,functional,0.026632808055295044,95.36135873437544,2049.714173551617,76962,95.9099745775385,0.04610257781353293,0.5180740356445312
THBS2,ITGA2,ecm,functional,0.05244713377057841,67.69296966100424,3694.2712085320018,70438,87.77977169632621,0.09078832621534753,0.5180740356445312
FGF9,MET,ligand,functional,0.07011796216915159,49.20173526161005,5226.943489899405,74545,92.89791137032051,0.12137731779232987,0.5180740356445312
CXCL9,CCR1,ligand,functional,0.02312446597729586,70.64910624345248,1776.3752274439132,76818,95.73052190818005,0.040029481303708016,0.5180740356445312
PLAT,FN1,ecm_regulator,functional,0.26844354133478177,40.1041224042558,12067.074070081111,44952,56.01914161806491,0.4646877350383854,0.5180740356445312
CYBB,MMP2,cell_surface_enzyme,functional,0.48963395176462515,16.003179341903618,21291.24275853296,43484,54.18972134988286,0.8475781943274396,0.5180740356445312
THBS1,ITGA2,ecm,functional,0.10466963107474471,36.42259651688774,5088.409445067639,48614,60.58272269577788,0.18118779669490412,0.5180740356445312
FGF18,MET,ligand,functional,0.10572480303557878,74.55489964875161,7529.297572981779,71216,88.74931459049897,0.18301434638992728,0.5180740356445312
LEP,PRKAA1,ligand,functional,0.03648166729776601,81.06963349625671,2652.217212547589,72700,90.59867404416529,0.06315139214275559,0.5180740356445312
CCL21,CXCL10,ligand,functional,0.11504460942754349,73.91106452731562,8253.415324941398,71741,89.40356911420169,0.199147346654133,0.5180740356445312
COL3A1,ITGAV,ecm,functional,0.7071873439476918,14.437115323385019,30585.145438393723,43249,53.8968645630826,1.224172812923198,0.5180740356445312
PTPRF,LTK,inhibitory_cofactor,functional,0.015202726183446693,96.61468496983935,1190.099811092574,78282,97.55495737999102,0.02631659663506035,0.5180740356445312
NTRK3,PRKCD,cell_surface_ligand,functional,0.04221243402402852,64.76486195454558,3182.057701599318,75382,93.94098001096656,0.07307160477599292,0.5180740356445312
CCL18,CXCR4,ligand,functional,0.09172244365129922,73.79142536216304,6763.2461050721995,73736,91.88973630427198,0.15877563818662704,0.5180740356445312
CXCL12,PLCG1,ligand,functional,0.3791571297133125,28.58275387076091,18712.1626656114,49352,61.50241762623997,0.6563378912156599,0.5180740356445312
ESR1,COL18A1,cell_adhesion,functional,0.06798040276239838,41.20722042210052,3459.114814161879,50884,63.411594636359105,0.11767710718456047,0.5180740356445312
RELN,ITGB7,ecm,functional,0.013608501163536551,100.0,1076.4868760403954,79104,98.57933303424555,0.023556922068259427,0.5180740356445312
CXCL12,PIK3CG,ligand,functional,0.05426530664061685,31.438707515758768,2759.4451079820074,50851,63.37047006629779,0.09393566449245934,0.5180740356445312
COL5A1,ITGB8,ecm,functional,0.058498480961104764,61.538210962373476,4284.428745591313,73240,91.27162155425951,0.10126347792104529,0.5180740356445312
COL6A3,ITGB4,ecm,functional,0.2464822527322763,34.230967067216184,13905.049805638635,56414,70.30307561936094,0.42667176561524506,0.5180740356445312
VCAM1,CYBB,ligand,functional,0.11568936784315877,52.2213476913898,8143.14322374426,70388,87.71746174168786,0.20026345220954866,0.5180740356445312
THBS2,SDC3,ecm,functional,0.23458026121425668,33.70867091251552,15057.003226559493,64187,79.9897811674393,0.40606888780542977,0.5180740356445312
LBP,VCAM1,ecm,functional,0.020960920020000218,90.46483943123157,1621.997912987657,77382,96.43337819650067,0.03628428681868465,0.5180740356445312
FGF9,PLCG1,ligand,functional,0.09779511326950387,54.60763306722547,6964.967967054065,71220,88.75429938687004,0.16928769996501303,0.5180740356445312
CXCL8,EGFR,ligand,functional,0.031810711426424734,77.88966393356024,2413.6377294799768,75875,94.55535616370071,0.05506575933696979,0.5180740356445312
WNT3,FZD6,ligand,functional,0.01776592795482641,100.0,1366.7328375647958,76930,95.87009620656997,0.030753613147606596,0.5180740356445312
HCST,PIK3CG,cell_surface_ligand,functional,0.028521776929911712,61.16718470181071,2070.6239615577306,72598,90.47156173670305,0.04937246713006869,0.5180740356445312
COL1A1,ITGB7,ecm,functional,0.07498021297273448,47.56304673663553,4932.498330198365,65784,81.9799611185883,0.1297940906521683,0.5180740356445312
CXCL10,MAP2K6,ligand,functional,0.011422791233360211,100.0,899.3506221761495,78733,98.11699317082898,0.019773360758293383,0.5180740356445312
COL5A1,ITGA8,ecm,functional,0.06673631698083198,61.643122746522266,4871.617666966773,72998,90.97004137380989,0.11552353924563742,0.5180740356445312
CXCL12,JAK2,ligand,functional,0.24018057403991466,27.450676471372176,12041.212898917081,50134,62.476945316783805,0.41576327892216713,0.5180740356445312
CCL5,CXCR4,ligand,functional,0.07296071211040744,89.47274085245189,5583.31849424893,76525,95.3653855739993,0.1262982446468719,0.5180740356445312
COL1A1,SDC3,ecm,functional,0.27898881246114715,27.58063962676436,16830.279100531163,60326,75.17820647026568,0.4829420693788984,0.5180740356445312
MUC20,SOS1,ecm,functional,0.015279692667368873,39.83781054170371,1121.7127980968837,73412,91.48596779821544,0.026449829049257502,0.5180740356445312
CCL5,CXCL12,ligand,functional,0.2294328739914761,35.58653737078634,11601.043840504997,50564,63.012810926673644,0.3971585310949422,0.5180740356445312
PDGFA,MET,ligand,functional,0.12025530909109082,74.65980630210116,8429.536401358193,70097,87.35481780569265,0.20816730002153166,0.5180740356445312
CYBB,MAPK13,cell_surface_enzyme,functional,0.03889337309505527,63.32826835052221,2800.750689948025,72011,89.7400428692488,0.06732616237171651,0.5180740356445312
JAK2,CXCL9,cell_adhesion,functional,0.026104017484328085,81.96650957411362,2005.7282874258326,76836,95.75295349184985,0.04518721776608875,0.5180740356445312
CCL19,CCR1,ligand,functional,0.09450616751158068,62.330876398442584,7028.990714841325,74376,92.68730372364288,0.16359438826410896,0.5180740356445312
EDN1,MCAM,ligand,functional,0.15812974093549212,40.52322738343256,9197.141992290093,58162,72.48143163351777,0.2737296296724115,0.5180740356445312
THBS1,ITGB7,ecm,functional,0.11162841927061541,39.65378993209733,5431.503996450334,48657,60.636309256766864,0.19323376922705093,0.5180740356445312
BMP6,ESR1,ligand,functional,0.006449858120443153,100.0,513.8343970232243,79666,99.27969692438063,0.011164991887697647,0.5180740356445312
COL5A1,ITGB4,ecm,functional,0.12062871602956182,50.63943583429026,8552.334709063874,70898,88.35302327899906,0.20881368407541104,0.5180740356445312
WNT9A,FZD6,ligand,functional,0.02570734714917803,92.82378350506521,1971.624989606209,76695,95.5772394197697,0.04450056373566856,0.5180740356445312
CSF3,PLAUR,ligand,functional,0.02015691335068991,70.85717152079285,1557.161870167497,77252,96.27137231444095,0.034892515438155795,0.5180740356445312
TGM1,FN1,ecm_regulator,functional,0.08745632041124458,30.482852114189832,3938.2455644387546,45031,56.1175913463935,0.15139078870968137,0.5180740356445312
COL4A4,ITGB8,ecm,functional,0.03717437305715096,100.0,2863.2817359809383,77023,95.9859927221973,0.06435049668733168,0.5180740356445312
EGFR,PIK3CG,ligand_regulator,functional,0.01615531817932755,92.07089163477227,1232.94157280992,76318,95.10742236179652,0.02796557583858502,0.5180740356445312
CDKN2A,MMP2,adhesion,functional,0.10160466776875667,33.59760749839149,4422.546373970671,43527,54.24330791087184,0.17588220860158085,0.5180740356445312
FN1,TEK,ecm,functional,0.45636583158623945,21.18637146400523,20197.3826085122,44257,55.1530332485918,0.7899895954816241,0.5180740356445312
CD2,PRKAR2B,cell_surface_ligand,functional,0.03391316864927354,100.0,2545.1493939593297,75049,93.52599571307512,0.058705206499836286,0.5180740356445312
COMP,ITGB8,ecm,functional,0.011430933911331253,100.0,902.1521661500851,78922,98.35252479936194,0.019787456096794345,0.5180740356445312
COL1A1,SOS1,ecm,functional,0.22553268443430283,33.29599699700143,13919.651750600737,61719,76.9141618064902,0.3904071291333544,0.5180740356445312
COL6A1,ITGB4,ecm,functional,0.387428544265014,32.956768618634,14869.120100346972,38379,47.82787498130701,0.670656078475752,0.5180740356445312
COL3A1,ITGB8,ecm,functional,0.13330628321153004,52.174687769134486,7611.388852528731,57097,71.15422959972085,0.2307591179282555,0.5180740356445312
CSF3,JAK2,ligand,functional,0.02420490226524698,83.82691974710374,1862.639844017551,76953,95.8987587857036,0.04189976467504512,0.5180740356445312
CCL8,CXCR4,ligand,functional,0.0276599221008923,100.0,2143.505663208649,77495,96.57419869398335,0.047880558006691935,0.5180740356445312
PRKCZ,KIT,cell_adhesion,functional,0.035328709632779946,95.10323437713977,2711.8670801218213,76761,95.65948855989232,0.06115557103536915,0.5180740356445312
CXCL12,GZMB,ligand,functional,0.10873506154355932,31.438707515758768,5514.607381243154,50716,63.20223318877424,0.18822523803961314,0.5180740356445312
CCL21,CXCR4,ligand,functional,0.14810818381812027,88.16225171907342,10522.494027542172,71046,88.53746074472858,0.25638186762429566,0.5180740356445312
ESR1,PSEN2,cell_adhesion,functional,0.023692050816335176,53.320940809055735,1771.952172604524,74791,93.20447634714122,0.04101199595831234,0.5180740356445312
GNA15,PLCG1,cell_adhesion,functional,0.08309155953730843,55.784294172855894,5970.710193672372,71857,89.54812820896267,0.1438351930920387,0.5180740356445312
COL4A4,ITGB4,ecm,functional,0.06843948509019968,65.68585082422742,5089.639187702879,74367,92.67608793180798,0.11847179915606924,0.5180740356445312
HMOX1,CXCL10,ecm,functional,0.0476256611048579,75.69167947695976,3620.3598802079828,76017,94.73231643487364,0.08244214212970026,0.5180740356445312
FN1,ITGB4,ecm,functional,0.3480249644327344,35.97007305915709,15590.126306728771,44796,55.82473455959324,0.6024467255011131,0.5180740356445312
IGF1,PIK3CG,ligand,functional,0.023580471359614497,62.89543015196901,1724.5106119426869,73133,91.13827825133343,0.040818846945441585,0.5180740356445312
IL7R,JAK2,ligand,functional,0.02196251876686917,73.43300701929451,1690.3013318545518,76963,95.91122077663128,0.03801809889248444,0.5180740356445312
CCR1,JAK2,cell_adhesion,functional,0.06394302388807657,54.63957116536844,4777.694858869306,74718,93.11350381336922,0.11068822440022603,0.5180740356445312
PLAUR,EGFR,ligand,functional,0.06948392161942926,94.13434881913615,5152.927627296875,74160,92.4181247196052,0.12027976534048854,0.5180740356445312
EDN1,JAK2,ligand,functional,0.04829618702327626,100.0,3667.226073051413,75932,94.62638951198844,0.08360285238096973,0.5180740356445312
CXCL8,CXCR4,ligand,functional,0.026854808387656328,76.23329631299367,2084.7656299421483,77631,96.74368177059968,0.04648687028378491,0.5180740356445312
IL18,CXCL12,ligand,functional,0.10139249426453799,28.32180997299812,5151.752633581175,50810,63.31937590349435,0.17551492680884226,0.5180740356445312
RELN,ITGA2,ecm,functional,0.011997688045252185,100.0,948.741177554407,79077,98.54568565874085,0.0207685327638128,0.5180740356445312
KIT,SOS1,ligand,functional,0.05366773514707531,80.56459283646511,3906.7964477664946,72796,90.71830915707093,0.09290124160235516,0.5180740356445312
COL3A1,ITGB7,ecm,functional,0.09700598767573437,47.809042997238436,5566.979620735045,57388,71.51687353571606,0.1679216883895203,0.5180740356445312
IL18,THBS1,ligand,functional,0.10114942274740786,32.43146527680811,4920.9194166613925,48650,60.627585863117496,0.17509415917857665,0.5180740356445312
COL6A1,ITGB7,ecm,functional,0.14907062889432518,28.238809360771636,5704.634826528036,38268,47.68954688200987,0.2580479029490299,0.5180740356445312
ADIPOQ,CXCL12,ligand,functional,0.1806168699511768,32.137333163355294,9110.314920337358,50440,62.85828223917053,0.3126558522883718,0.5180740356445312
TNC,ITGB4,ecm,functional,0.06403795724640339,100.0,4797.787794857788,74921,93.36648222920094,0.11085255827483192,0.5180740356445312
FN1,LTK,ecm,functional,0.0787928056805965,31.62578928114732,3545.5186700154813,44998,56.07646677633219,0.13639385856325684,0.5180740356445312
COL1A2,SDC3,ecm,functional,0.49123074037204895,20.530519646889474,21647.06503597508,44067,54.91625542096605,0.8503423065784901,0.5180740356445312
KIT,PIK3C2B,ligand,functional,0.049804457978330274,54.00417430591271,3720.0941842334014,74694,93.08359503514282,0.08621373663038498,0.5180740356445312
TNC,ITGB7,ecm,functional,0.022822462080875055,100.0,1782.7081580613124,78112,97.34310353422063,0.03950669909817328,0.5180740356445312
SFRP2,FZD6,ligand,functional,0.018607147546083058,100.0,1429.3452530474622,76817,95.72927570908728,0.03220980175466816,0.5180740356445312
COL1A1,CASP8,ecm,functional,0.06707291374392889,39.07062362378522,4407.964818337263,65719,81.89895817755844,0.11610620324525174,0.5180740356445312
IGF1,EGFR,ligand,functional,0.12009859258133213,44.35363119344784,8441.850171134416,70291,87.59658042968945,0.20789601675801642,0.5180740356445312
THBS1,EGFR,ecm,functional,0.2958561324746248,27.759843251719975,14237.484663076368,48123,59.97083894122925,0.5121401521275369,0.5180740356445312
COL1A1,ITGB8,ecm,functional,0.10647657133540082,57.87995055726327,6971.340555042698,65473,81.59239320073775,0.18431569082451849,0.5180740356445312
NGFR,SOS1,activating_cofactor,functional,0.2066435886754122,46.46755572871922,13168.362688340641,63725,79.41403718658093,0.35770926245540213,0.5180740356445312
CD14,ICAM3,cell_surface_ligand,functional,0.4883736846189903,18.288273147644276,21575.372639097754,44178,55.0545835202632,0.8453966157260829,0.5180740356445312
TFF3,SOS1,ligand,functional,0.06017723984509777,80.1088057211314,4372.177360945579,72655,90.54259508499078,0.10416948437439259,0.5180740356445312
COMP,ITGAV,ecm,functional,0.06358014150641605,27.844208215491292,2926.721073823344,46032,57.36503663825333,0.11006005882328312,0.5180740356445312
CXCL12,CCR1,ligand,functional,0.2571986107330414,29.03894022180512,12942.234092086645,50320,62.70873834803849,0.4452222589609786,0.5180740356445312
MMP2,HPSE,ecm,functional,0.08562877338884926,33.59760749839149,3724.9372711883316,43501,54.2109067344599,0.1482272233570178,0.5180740356445312
COL1A2,ITGB4,ecm,functional,0.3455179297938491,32.750818373255996,15371.401660668758,44488,55.440905239020985,0.5981069367983799,0.5180740356445312
GNAI1,HLA-DRA,cell_adhesion,functional,0.3177234742723818,29.270170061165302,13428.90036359649,42266,52.671850854892575,0.549993495444288,0.5180740356445312
COL6A6,SDC3,ecm,functional,0.039235682539140074,74.08034450616515,2782.9477268186665,70929,88.39165545087482,0.06791871527674484,0.5180740356445312
GNA15,MAP2K6,cell_adhesion,functional,0.021194792274932633,100.0,1652.4307849228478,77964,97.1586660684911,0.03668913011605916,0.5180740356445312
IL12A,GZMB,ligand,functional,0.006451133156074349,100.0,511.7038819398174,79320,98.84851203828323,0.011167199031205766,0.5180740356445312
COL6A1,SDC3,ecm,functional,0.5501323349325917,18.671896533386793,21402.348358217547,38904,48.482129505009716,0.9523035921076254,0.5180740356445312
FN1,PIK3CG,ecm,functional,0.06106851327605408,29.27587992182429,2750.709043493304,45043,56.1325457355067,0.10571231840895955,0.5180740356445312
CCL21,CCR1,ligand,functional,0.13766980797111555,90.28438867148155,9662.355472452746,70185,87.46448332585614,0.2383125737768615,0.5180740356445312
SNCA,PLD2,ligand,functional,0.04578446347181723,95.14723498254206,3512.217761850043,76712,95.59842480434673,0.07925494696157852,0.5180740356445312
GNAI1,CD3D,cell_adhesion,functional,0.046959175530112106,71.34515631602467,3566.8780957407253,75957,94.65754448930761,0.08128842589341302,0.5180740356445312
TGM1,GZMB,ecm_regulator,functional,0.013552233826518966,100.0,1073.6757249059651,79225,98.73012312447037,0.02345952079995052,0.5180740356445312
COL4A4,ITGA8,ecm,functional,0.043806049757567675,83.81782610442028,3362.0705128435616,76749,95.64453417077912,0.07583022464092871,0.5180740356445312
FN1,SOS1,ecm,functional,0.3959493194881245,29.21899454079762,17444.73511800779,44058,54.905039629131146,0.685405920172485,0.5180740356445312
CD2,PIK3CG,cell_surface_ligand,functional,0.005208794508187257,75.65853117619939,414.27626241416533,79534,99.11519864413538,0.009016655458554339,0.5180740356445312
GNAI1,FRK,cell_adhesion,functional,0.07111244210773164,100.0,5309.610489973783,74665,93.04745526145257,0.1230988068916841,0.5180740356445312
ESR1,GNA15,cell_adhesion,functional,0.011565688930935026,66.12837978378307,902.7020210594789,78050,97.26583919046907,0.02002072304199023,0.5180740356445312
COL6A6,ITGB4,ecm,functional,0.027745871705513812,100.0,2109.296658796571,76022,94.73854743033748,0.048029340603212685,0.5180740356445312
THBS4,ITGB7,ecm,functional,0.07151027976795334,40.83483615490317,4390.302116073727,61394,76.50914710134091,0.12378748161383299,0.5180740356445312
GNAI1,CFB,cell_adhesion,functional,0.07094999219733127,46.114641343775205,5212.12832680035,73462,91.54827775285379,0.12281759885611065,0.5180740356445312
THBS1,ITGA8,ecm,functional,0.18330063518856662,29.18370469004906,8880.182572345298,48446,60.373361248193014,0.3173015695343015,0.5180740356445312
THBS1,ITGB4,ecm,functional,0.3018972613151284,35.23410409661608,14465.709173175692,47916,59.71287572902647,0.522597615413896,0.5180740356445312
COL5A1,ITGA2,ecm,functional,0.04039461314699955,64.112836528039,2976.113518218339,73676,91.81496435870594,0.06992487581446943,0.5180740356445312
SAA1,HMOX1,ligand,functional,0.08670632381747476,64.15397065145935,6409.331456587734,73920,92.11903693734112,0.15009251117723454,0.5180740356445312
COL6A1,ITGA8,ecm,functional,0.2282891726361377,24.129458210216434,8725.897045671092,38223,47.63346792283535,0.39517873307212537,0.5180740356445312
THBS1,SDC3,ecm,functional,0.46173329300566757,19.612885314274592,21894.93102103575,47419,59.09351477992124,0.7992809104355919,0.5180740356445312
JAK2,SOS1,cell_adhesion,functional,0.1027367494271294,47.231883310384994,7319.376976186407,71244,88.78420816509646,0.1778418924110403,0.5180740356445312
MFAP5,JAG1,ecm,functional,0.1874343367483457,35.08214194018769,12186.980575377438,65020,81.02786501171427,0.3244571911804293,0.5180740356445312
COL4A4,SDC3,ecm,functional,0.10447812131265916,42.80814683298654,7262.483168685563,69512,86.6257913364239,0.1808562847608163,0.5180740356445312
TNC,SDC3,ecm,functional,0.10426239116603639,75.36401517170809,7302.329352486857,70038,87.28129205921938,0.1804828462615506,0.5180740356445312
EDN1,PLCG1,ligand,functional,0.07238795654015748,88.39959129181359,5218.447786979953,72090,89.83849259757739,0.12530677922607358,0.5180740356445312
LBP,PTGS1,ecm,functional,0.02089382515605622,94.47976338038737,1627.7752364328721,77907,97.08763272020337,0.036168142618664724,0.5180740356445312
ESR1,C3,cell_adhesion,functional,0.08445040600850305,25.05979513713205,3093.1650208734413,36627,45.644534170779124,0.14618741689978845,0.5180740356445312
TEK,PLD2,ligand,functional,0.08845626884067796,63.694312750755266,6271.9917421482705,70905,88.36174667264842,0.1531217440104427,0.5180740356445312
CXCL9,MAP2K6,ligand,functional,0.015649092980077887,100.0,1240.1123732062722,79245,98.7550471063257,0.027089277455360695,0.5180740356445312
JAK2,PIK3CG,cell_adhesion,functional,0.010128571296052949,64.970901574745,781.5509469173337,77163,96.16046059518469,0.017533008361217812,0.5180740356445312
COL5A1,ITGAV,ecm,functional,0.40346530999997793,25.62705888098482,18228.562705799002,45180,56.30327501121579,0.6984164347490585,0.5180740356445312
DDR2,PRKCD,cell_adhesion,functional,0.15339859504961828,53.77067770274844,10384.931486264108,67699,84.36643238123722,0.26553980526869786,0.5180740356445312
COL6A6,ITGA2,ecm,functional,0.008580296318117516,100.0,680.5891039530813,79320,98.84851203828323,0.014852875365147096,0.5180740356445312
COL6A3,ITGA8,ecm,functional,0.14751586510647874,37.774203623928344,8478.621862859973,57476,71.62653905587956,0.2553565375337859,0.5180740356445312
THBS4,SDC3,ecm,functional,0.34453200487653635,37.102242790222505,19721.701023142694,57242,71.33492846817208,0.5964002568221513,0.5180740356445312
COL1A2,ITGA8,ecm,functional,0.2022709797320355,26.385030134941655,9023.712947805569,44612,55.595433926524095,0.35014008147975606,0.5180740356445312
NGFR,PLCG1,activating_cofactor,functional,0.21976628754103888,55.47509795820623,14002.848543252374,63717,79.40406759383879,0.38042523909294007,0.5180740356445312
SPP1,ITGA8,ligand,functional,0.061497377085348505,85.41418311319012,4616.8540873054535,75074,93.5571506903943,0.10645470077804184,0.5180740356445312
IGF1,SOS1,ligand,functional,0.1609014699595941,40.28705241531227,10927.784233775792,67916,84.63685758436768,0.2785276161538363,0.5180740356445312
CXCL6,CXCR4,ligand,functional,0.0266329334613995,100.0,2076.223593850321,77957,97.14994267484172,0.046102794897089315,0.5180740356445312
COL1A1,ITGB4,ecm,functional,0.193084889055612,48.68111586350614,12295.066480394205,63677,79.35421963012811,0.33423854907909034,0.5180740356445312
COMP,ITGA8,ecm,functional,0.01241390860935274,100.0,976.1552895878433,78634,97.99361946064504,0.021489029111933455,0.5180740356445312
SFRP4,FZD6,ligand,functional,0.02688548678880938,100.0,2059.8584558114194,76616,95.47878969144111,0.046539975963569666,0.5180740356445312
CSF3,LEPR,ligand,functional,0.01697478027540559,88.6163810834731,1323.5745424141999,77973,97.169881860326,0.029384101251723624,0.5180740356445312
ROR2,FZD6,activating_cofactor,functional,0.019528872618418163,62.215586599956765,1499.2315509159623,76770,95.67070435172724,0.03380534893774354,0.5180740356445312
PRKCI,EZH2,tight_junction,functional,0.028911267332970548,100.0,2220.356419904805,76799,95.70684412541748,0.050046692378017114,0.5180740356445312
LEP,EGFR,ligand,functional,0.02862546005868916,100.0,2178.5406377665386,76105,94.84198195503714,0.049551947247316874,0.5180740356445312
HPSE,EGFR,secreted_enzyme,functional,0.021876840644647542,69.31463544565378,1666.9715034408534,76198,94.95787847066447,0.03786978624409832,0.5180740356445312
MPZ,MAP3K5,cell_surface_ligand,functional,0.06294576883801085,52.76271091622895,4616.00206619785,73333,91.38751806988684,0.10896193145919864,0.5180740356445312
IGF1,PRKAA1,ligand,functional,0.1776741407615809,48.77488687021876,11997.268680784988,67524,84.14834754000299,0.307561856898707,0.5180740356445312
S100A6,ESR1,ligand,functional,0.07632544842667532,22.175074865127762,2826.178704342934,37028,46.14426000697872,0.13212275318238542,0.5180740356445312
MIF,PRKCD,ligand,functional,0.3019541797491308,36.62029729492895,15420.49800560836,51069,63.642141468521004,0.5226961437601062,0.5180740356445312
CXCL8,EZH2,ligand,functional,0.0060315801129367805,0.006031580112936783,477.224650115671,79121,98.60051841882259,0.010440934013337752,0.5180740356445312
TLR2,LRRK2,cell_adhesion,functional,0.03593079327633541,71.48843997585699,2750.5740868900284,76552,95.39903294950402,0.06219780465826167,0.5180740356445312
IGF1,FLNA,ligand,functional,0.47336570030964625,23.717036213110017,19900.29404101753,42040,52.39020985992722,0.8194171259550728,0.5180740356445312
POSTN,FLNA,ligand,functional,0.2433508947484626,37.881802994775626,10201.999560539798,41923,52.24440456607348,0.42125124537528125,0.5180740356445312
EGFR,CASP8,ligand_regulator,functional,0.02888276327038297,81.59817793320627,2193.674753148857,75951,94.65006729475101,0.04999735057520319,0.5180740356445312
CXCL12,BTK,ligand,functional,0.08005625796362814,28.79875781366108,4064.2160480395096,50767,63.265789342505364,0.13858095077941432,0.5180740356445312
POSTN,EGFR,ligand,functional,0.052749906600806994,68.36816864751601,3955.3989965549117,74984,93.44499277204527,0.09131243947957622,0.5180740356445312
ADIPOQ,JAK2,ligand,functional,0.05692105987020749,95.36135873437544,4331.57881400305,76098,94.83325856138777,0.09853289170434552,0.5180740356445312
LEP,ESR1,ligand,functional,0.007520662517294067,100.0,597.7347362120152,79479,99.0466576940332,0.01301860202623043,0.5180740356445312
TLR2,ESR1,cell_adhesion,functional,0.013621539767581127,100.0,1057.467375236858,77632,96.74492796969244,0.023579492473013476,0.5180740356445312
IGFBP5,ESR1,ligand,functional,0.07644174892094216,31.201307241816444,3604.6871121159484,47156,58.7657644185235,0.13232407452167333,0.5180740356445312
CLEC7A,LRRK2,adhesion,functional,0.025920411655856457,100.0,2016.0377777692036,77778,96.92687303723643,0.04486938789337848,0.5180740356445312
EGFR,CHEK1,ligand_regulator,functional,0.020660171251859386,100.0,1575.1727765842631,76242,95.01271123074623,0.03576367729614576,0.5180740356445312
IGF1,CHEK1,ligand,functional,0.02569337396290775,70.18517204610232,1877.0294348602256,73055,91.0410747220976,0.044476375527425886,0.5180740356445312
TPO,JAK2,ligand,functional,0.042801166398028445,91.8396355624435,3247.7097051160004,75879,94.56034096007177,0.07409072675619587,0.5180740356445312
EGFR,EFNB2,ligand_regulator,functional,0.1095387589833097,80.09137841016128,7770.570023517007,70939,88.4041174418025,0.18961647412999083,0.5180740356445312
EGFR,MARVELD2,ligand_regulator,functional,0.019555412402315148,70.90791582877911,1490.415756242449,76215,94.9790638552415,0.03385129048659279,0.5180740356445312
ADIPOQ,LIPE,ligand,functional,0.09411680679597528,93.15799740880207,6760.410232154904,71830,89.51448083345795,0.16292038751092283,0.5180740356445312
